Id,Proverb,Source
1,1,Mlodzynskyi2009
2,2,Mlodzynskyi2009
3,3,Mlodzynskyi2009
4,4,Mlodzynskyi2009
5,5,Mlodzynskyi2009
6,6,Mlodzynskyi2009
7,7,Mlodzynskyi2009
8,8,Mlodzynskyi2009
9,9,Mlodzynskyi2009
10,10,Mlodzynskyi2009
11,11,Mlodzynskyi2009
12,12,Mlodzynskyi2009
13,13,Mlodzynskyi2009
14,14,Mlodzynskyi2009
15,15,Mlodzynskyi2009
16,16,Mlodzynskyi2009
17,17,Mlodzynskyi2009
18,18,Mlodzynskyi2009
19,19,Mlodzynskyi2009
20,20,Mlodzynskyi2009
21,21,Mlodzynskyi2009
22,22,Mlodzynskyi2009
23,23,Mlodzynskyi2009
24,24,Mlodzynskyi2009
25,25,Mlodzynskyi2009
26,26,Mlodzynskyi2009
27,27,Mlodzynskyi2009
28,28,Mlodzynskyi2009
29,29,Mlodzynskyi2009
30,30,Mlodzynskyi2009
31,31,Mlodzynskyi2009
32,32,Mlodzynskyi2009
33,33,Mlodzynskyi2009
34,34,Mlodzynskyi2009
35,35,Mlodzynskyi2009
36,36,Mlodzynskyi2009
37,37,Mlodzynskyi2009
38,38,Mlodzynskyi2009
39,39,Mlodzynskyi2009
40,40,Mlodzynskyi2009
41,41,Mlodzynskyi2009
42,42,Mlodzynskyi2009
43,43,Mlodzynskyi2009
44,44,Mlodzynskyi2009
45,45,Mlodzynskyi2009
46,46,Mlodzynskyi2009
47,47,Mlodzynskyi2009
48,48,Mlodzynskyi2009
49,49,Mlodzynskyi2009
50,50,Mlodzynskyi2009
51,51,Mlodzynskyi2009
52,52,Mlodzynskyi2009
53,53,Mlodzynskyi2009
54,54,Mlodzynskyi2009
55,55,Mlodzynskyi2009
56,56,Mlodzynskyi2009
57,57,Mlodzynskyi2009
58,58,Mlodzynskyi2009
59,59,Mlodzynskyi2009
60,60,Mlodzynskyi2009
61,61,Mlodzynskyi2009
62,62,Mlodzynskyi2009
63,63,Mlodzynskyi2009
64,64,Mlodzynskyi2009
65,65,Mlodzynskyi2009
66,66,Mlodzynskyi2009
67,67,Mlodzynskyi2009
68,68,Mlodzynskyi2009
69,69,Mlodzynskyi2009
70,70,Mlodzynskyi2009
71,71,Mlodzynskyi2009
72,72,Mlodzynskyi2009
73,73,Mlodzynskyi2009
74,74,Mlodzynskyi2009
75,75,Mlodzynskyi2009
76,76,Mlodzynskyi2009
77,77,Mlodzynskyi2009
78,78,Mlodzynskyi2009
79,79,Mlodzynskyi2009
80,80,Mlodzynskyi2009
81,81,Mlodzynskyi2009
82,82,Mlodzynskyi2009
83,83,Mlodzynskyi2009
84,84,Mlodzynskyi2009
85,85,Mlodzynskyi2009
86,86,Mlodzynskyi2009
87,87,Mlodzynskyi2009
88,88,Mlodzynskyi2009
89,89,Mlodzynskyi2009
90,90,Mlodzynskyi2009
91,91,Mlodzynskyi2009
92,92,Mlodzynskyi2009
93,93,Mlodzynskyi2009
94,94,Mlodzynskyi2009
95,95,Mlodzynskyi2009
96,96,Mlodzynskyi2009
97,97,Mlodzynskyi2009
98,98,Mlodzynskyi2009
99,99,Mlodzynskyi2009
100,100,Mlodzynskyi2009
101,101,Mlodzynskyi2009
102,102,Mlodzynskyi2009
103,103,Mlodzynskyi2009
104,104,Mlodzynskyi2009
105,105,Mlodzynskyi2009
106,106,Mlodzynskyi2009
107,107,Mlodzynskyi2009
108,108,Mlodzynskyi2009
109,109,Mlodzynskyi2009
110,110,Mlodzynskyi2009
111,111,Mlodzynskyi2009
112,112,Mlodzynskyi2009
113,113,Mlodzynskyi2009
114,114,Mlodzynskyi2009
115,115,Mlodzynskyi2009
116,116,Mlodzynskyi2009
117,117,Mlodzynskyi2009
118,118,Mlodzynskyi2009
119,119,Mlodzynskyi2009
120,120,Mlodzynskyi2009
121,121,Mlodzynskyi2009
122,122,Mlodzynskyi2009
123,123,Mlodzynskyi2009
124,124,Mlodzynskyi2009
125,125,Mlodzynskyi2009
126,126,Mlodzynskyi2009
127,127,Mlodzynskyi2009
128,128,Mlodzynskyi2009
129,129,Mlodzynskyi2009
130,130,Mlodzynskyi2009
131,131,Mlodzynskyi2009
132,132,Mlodzynskyi2009
133,133,Mlodzynskyi2009
134,134,Mlodzynskyi2009
135,135,Mlodzynskyi2009
136,136,Mlodzynskyi2009
137,137,Mlodzynskyi2009
138,138,Mlodzynskyi2009
139,139,Mlodzynskyi2009
140,140,Mlodzynskyi2009
141,141,Mlodzynskyi2009
142,142,Mlodzynskyi2009
143,143,Mlodzynskyi2009
144,144,Mlodzynskyi2009
145,145,Mlodzynskyi2009
146,146,Mlodzynskyi2009
147,147,Mlodzynskyi2009
148,148,Mlodzynskyi2009
149,149,Mlodzynskyi2009
150,150,Mlodzynskyi2009
151,151,Mlodzynskyi2009
152,152,Mlodzynskyi2009
153,153,Mlodzynskyi2009
154,154,Mlodzynskyi2009
155,155,Mlodzynskyi2009
156,156,Mlodzynskyi2009
157,157,Mlodzynskyi2009
158,158,Mlodzynskyi2009
159,159,Mlodzynskyi2009
160,160,Mlodzynskyi2009
161,161,Mlodzynskyi2009
162,162,Mlodzynskyi2009
163,163,Mlodzynskyi2009
164,164,Mlodzynskyi2009
165,165,Mlodzynskyi2009
166,166,Mlodzynskyi2009
167,167,Mlodzynskyi2009
168,168,Mlodzynskyi2009
169,169,Mlodzynskyi2009
170,170,Mlodzynskyi2009
171,171,Mlodzynskyi2009
172,172,Mlodzynskyi2009
173,173,Mlodzynskyi2009
174,174,Mlodzynskyi2009
175,175,Mlodzynskyi2009
176,176,Mlodzynskyi2009
177,177,Mlodzynskyi2009
178,178,Mlodzynskyi2009
179,179,Mlodzynskyi2009
180,180,Mlodzynskyi2009
181,181,Mlodzynskyi2009
182,182,Mlodzynskyi2009
183,183,Mlodzynskyi2009
184,184,Mlodzynskyi2009
185,185,Mlodzynskyi2009
186,186,Mlodzynskyi2009
187,187,Mlodzynskyi2009
188,188,Mlodzynskyi2009
189,189,Mlodzynskyi2009
190,190,Mlodzynskyi2009
191,191,Mlodzynskyi2009
192,192,Mlodzynskyi2009
193,193,Mlodzynskyi2009
194,194,Mlodzynskyi2009
195,195,Mlodzynskyi2009
196,196,Mlodzynskyi2009
197,197,Mlodzynskyi2009
198,198,Mlodzynskyi2009
199,199,Mlodzynskyi2009
200,200,Mlodzynskyi2009
201,201,Mlodzynskyi2009
202,202,Mlodzynskyi2009
203,203,Mlodzynskyi2009
204,204,Mlodzynskyi2009
205,205,Mlodzynskyi2009
206,206,Mlodzynskyi2009
207,207,Mlodzynskyi2009
208,208,Mlodzynskyi2009
209,209,Mlodzynskyi2009
210,210,Mlodzynskyi2009
211,211,Mlodzynskyi2009
212,212,Mlodzynskyi2009
213,213,Mlodzynskyi2009
214,214,Mlodzynskyi2009
215,215,Mlodzynskyi2009
216,216,Mlodzynskyi2009
217,217,Mlodzynskyi2009
218,218,Mlodzynskyi2009
219,219,Mlodzynskyi2009
220,220,Mlodzynskyi2009
221,221,Mlodzynskyi2009
222,222,Mlodzynskyi2009
223,223,Mlodzynskyi2009
224,224,Mlodzynskyi2009
225,225,Mlodzynskyi2009
226,226,Mlodzynskyi2009
227,227,Mlodzynskyi2009
228,228,Mlodzynskyi2009
229,229,Mlodzynskyi2009
230,230,Mlodzynskyi2009
231,231,Mlodzynskyi2009
232,232,Mlodzynskyi2009
233,233,Mlodzynskyi2009
234,234,Mlodzynskyi2009
235,235,Mlodzynskyi2009
236,236,Mlodzynskyi2009
237,237,Mlodzynskyi2009
238,238,Mlodzynskyi2009
239,239,Mlodzynskyi2009
240,240,Mlodzynskyi2009
241,241,Mlodzynskyi2009
242,242,Mlodzynskyi2009
243,243,Mlodzynskyi2009
244,244,Mlodzynskyi2009
245,245,Mlodzynskyi2009
246,246,Mlodzynskyi2009
247,247,Mlodzynskyi2009
248,248,Mlodzynskyi2009
249,249,Mlodzynskyi2009
250,250,Mlodzynskyi2009
251,251,Mlodzynskyi2009
252,252,Mlodzynskyi2009
253,253,Mlodzynskyi2009
254,254,Mlodzynskyi2009
255,255,Mlodzynskyi2009
256,256,Mlodzynskyi2009
257,257,Mlodzynskyi2009
258,258,Mlodzynskyi2009
259,259,Mlodzynskyi2009
260,260,Mlodzynskyi2009
261,261,Mlodzynskyi2009
262,262,Mlodzynskyi2009
263,263,Mlodzynskyi2009
264,264,Mlodzynskyi2009
265,265,Mlodzynskyi2009
266,266,Mlodzynskyi2009
267,267,Mlodzynskyi2009
268,268,Mlodzynskyi2009
269,269,Mlodzynskyi2009
270,270,Mlodzynskyi2009
271,271,Mlodzynskyi2009
272,272,Mlodzynskyi2009
273,273,Mlodzynskyi2009
274,274,Mlodzynskyi2009
275,275,Mlodzynskyi2009
276,276,Mlodzynskyi2009
277,277,Mlodzynskyi2009
278,278,Mlodzynskyi2009
279,279,Mlodzynskyi2009
280,280,Mlodzynskyi2009
281,281,Mlodzynskyi2009
282,282,Mlodzynskyi2009
283,283,Mlodzynskyi2009
284,284,Mlodzynskyi2009
285,285,Mlodzynskyi2009
286,286,Mlodzynskyi2009
287,287,Mlodzynskyi2009
288,288,Mlodzynskyi2009
289,289,Mlodzynskyi2009
290,290,Mlodzynskyi2009
291,291,Mlodzynskyi2009
292,292,Mlodzynskyi2009
293,293,Mlodzynskyi2009
294,294,Mlodzynskyi2009
295,295,Mlodzynskyi2009
296,296,Mlodzynskyi2009
297,297,Mlodzynskyi2009
298,298,Mlodzynskyi2009
299,299,Mlodzynskyi2009
300,300,Mlodzynskyi2009
301,301,Mlodzynskyi2009
302,302,Mlodzynskyi2009
303,303,Mlodzynskyi2009
304,304,Mlodzynskyi2009
305,305,Mlodzynskyi2009
306,306,Mlodzynskyi2009
307,307,Mlodzynskyi2009
308,308,Mlodzynskyi2009
309,309,Mlodzynskyi2009
310,310,Mlodzynskyi2009
311,311,Mlodzynskyi2009
312,312,Mlodzynskyi2009
313,313,Mlodzynskyi2009
314,314,Mlodzynskyi2009
315,315,Mlodzynskyi2009
316,316,Mlodzynskyi2009
317,317,Mlodzynskyi2009
318,318,Mlodzynskyi2009
319,319,Mlodzynskyi2009
320,320,Mlodzynskyi2009
321,321,Mlodzynskyi2009
322,322,Mlodzynskyi2009
323,323,Mlodzynskyi2009
324,324,Mlodzynskyi2009
325,325,Mlodzynskyi2009
326,326,Mlodzynskyi2009
327,327,Mlodzynskyi2009
328,328,Mlodzynskyi2009
329,329,Mlodzynskyi2009
330,330,Mlodzynskyi2009
331,331,Mlodzynskyi2009
332,332,Mlodzynskyi2009
333,333,Mlodzynskyi2009
334,334,Mlodzynskyi2009
335,335,Mlodzynskyi2009
336,336,Mlodzynskyi2009
337,337,Mlodzynskyi2009
338,338,Mlodzynskyi2009
339,339,Mlodzynskyi2009
340,340,Mlodzynskyi2009
341,341,Mlodzynskyi2009
342,342,Mlodzynskyi2009
343,343,Mlodzynskyi2009
344,344,Mlodzynskyi2009
345,345,Mlodzynskyi2009
346,346,Mlodzynskyi2009
347,347,Mlodzynskyi2009
348,348,Mlodzynskyi2009
349,349,Mlodzynskyi2009
350,350,Mlodzynskyi2009
351,351,Mlodzynskyi2009
352,352,Mlodzynskyi2009
353,353,Mlodzynskyi2009
354,354,Mlodzynskyi2009
355,355,Mlodzynskyi2009
356,356,Mlodzynskyi2009
357,357,Mlodzynskyi2009
358,358,Mlodzynskyi2009
359,359,Mlodzynskyi2009
360,360,Mlodzynskyi2009
361,361,Mlodzynskyi2009
362,362,Mlodzynskyi2009
363,363,Mlodzynskyi2009
364,364,Mlodzynskyi2009
365,365,Mlodzynskyi2009
366,366,Mlodzynskyi2009
367,367,Mlodzynskyi2009
368,368,Mlodzynskyi2009
369,369,Mlodzynskyi2009
370,370,Mlodzynskyi2009
371,371,Mlodzynskyi2009
372,372,Mlodzynskyi2009
373,373,Mlodzynskyi2009
374,374,Mlodzynskyi2009
375,375,Mlodzynskyi2009
376,376,Mlodzynskyi2009
377,377,Mlodzynskyi2009
378,378,Mlodzynskyi2009
379,379,Mlodzynskyi2009
380,380,Mlodzynskyi2009
381,381,Mlodzynskyi2009
382,382,Mlodzynskyi2009
383,383,Mlodzynskyi2009
384,384,Mlodzynskyi2009
385,385,Mlodzynskyi2009
386,386,Mlodzynskyi2009
387,387,Mlodzynskyi2009
388,388,Mlodzynskyi2009
389,389,Mlodzynskyi2009
390,390,Mlodzynskyi2009
391,391,Mlodzynskyi2009
392,392,Mlodzynskyi2009
393,393,Mlodzynskyi2009
394,394,Mlodzynskyi2009
395,395,Mlodzynskyi2009
396,396,Mlodzynskyi2009
397,397,Mlodzynskyi2009
398,398,Mlodzynskyi2009
399,399,Mlodzynskyi2009
400,400,Mlodzynskyi2009
401,401,Mlodzynskyi2009
402,402,Mlodzynskyi2009
403,403,Mlodzynskyi2009
404,404,Mlodzynskyi2009
405,405,Mlodzynskyi2009
406,406,Mlodzynskyi2009
407,407,Mlodzynskyi2009
408,408,Mlodzynskyi2009
409,409,Mlodzynskyi2009
410,410,Mlodzynskyi2009
411,411,Mlodzynskyi2009
412,412,Mlodzynskyi2009
413,413,Mlodzynskyi2009
414,414,Mlodzynskyi2009
415,415,Mlodzynskyi2009
416,416,Mlodzynskyi2009
417,417,Mlodzynskyi2009
418,418,Mlodzynskyi2009
419,419,Mlodzynskyi2009
420,420,Mlodzynskyi2009
421,421,Mlodzynskyi2009
422,422,Mlodzynskyi2009
423,423,Mlodzynskyi2009
424,424,Mlodzynskyi2009
425,425,Mlodzynskyi2009
426,426,Mlodzynskyi2009
427,427,Mlodzynskyi2009
428,428,Mlodzynskyi2009
429,429,Mlodzynskyi2009
430,430,Mlodzynskyi2009
431,431,Mlodzynskyi2009
432,432,Mlodzynskyi2009
433,433,Mlodzynskyi2009
434,434,Mlodzynskyi2009
435,435,Mlodzynskyi2009
436,436,Mlodzynskyi2009
437,437,Mlodzynskyi2009
438,438,Mlodzynskyi2009
439,439,Mlodzynskyi2009
440,440,Mlodzynskyi2009
441,441,Mlodzynskyi2009
442,442,Mlodzynskyi2009
443,443,Mlodzynskyi2009
444,444,Mlodzynskyi2009
445,445,Mlodzynskyi2009
446,446,Mlodzynskyi2009
447,447,Mlodzynskyi2009
448,448,Mlodzynskyi2009
449,449,Mlodzynskyi2009
450,450,Mlodzynskyi2009
451,451,Mlodzynskyi2009
452,452,Mlodzynskyi2009
453,453,Mlodzynskyi2009
454,454,Mlodzynskyi2009
455,455,Mlodzynskyi2009
456,456,Mlodzynskyi2009
457,457,Mlodzynskyi2009
458,458,Mlodzynskyi2009
459,459,Mlodzynskyi2009
460,460,Mlodzynskyi2009
461,461,Mlodzynskyi2009
462,462,Mlodzynskyi2009
463,463,Mlodzynskyi2009
464,464,Mlodzynskyi2009
465,465,Mlodzynskyi2009
466,466,Mlodzynskyi2009
467,467,Mlodzynskyi2009
468,468,Mlodzynskyi2009
469,469,Mlodzynskyi2009
470,470,Mlodzynskyi2009
471,471,Mlodzynskyi2009
472,472,Mlodzynskyi2009
473,473,Mlodzynskyi2009
474,474,Mlodzynskyi2009
475,475,Mlodzynskyi2009
476,476,Mlodzynskyi2009
477,477,Mlodzynskyi2009
478,478,Mlodzynskyi2009
479,479,Mlodzynskyi2009
480,480,Mlodzynskyi2009
481,481,Mlodzynskyi2009
482,482,Mlodzynskyi2009
483,483,Mlodzynskyi2009
484,484,Mlodzynskyi2009
485,485,Mlodzynskyi2009
486,486,Mlodzynskyi2009
487,487,Mlodzynskyi2009
488,488,Mlodzynskyi2009
489,489,Mlodzynskyi2009
490,490,Mlodzynskyi2009
491,491,Mlodzynskyi2009
492,492,Mlodzynskyi2009
493,493,Mlodzynskyi2009
494,494,Mlodzynskyi2009
495,495,Mlodzynskyi2009
496,496,Mlodzynskyi2009
497,497,Mlodzynskyi2009
498,498,Mlodzynskyi2009
499,499,Mlodzynskyi2009
500,500,Mlodzynskyi2009
501,501,Mlodzynskyi2009
502,502,Mlodzynskyi2009
503,503,Mlodzynskyi2009
504,504,Mlodzynskyi2009
505,505,Mlodzynskyi2009
506,506,Mlodzynskyi2009
507,507,Mlodzynskyi2009
508,508,Mlodzynskyi2009
509,509,Mlodzynskyi2009
510,510,Mlodzynskyi2009
511,511,Mlodzynskyi2009
512,512,Mlodzynskyi2009
513,513,Mlodzynskyi2009
514,514,Mlodzynskyi2009
515,515,Mlodzynskyi2009
516,516,Mlodzynskyi2009
517,517,Mlodzynskyi2009
518,518,Mlodzynskyi2009
519,519,Mlodzynskyi2009
520,520,Mlodzynskyi2009
521,521,Mlodzynskyi2009
522,522,Mlodzynskyi2009
523,523,Mlodzynskyi2009
524,524,Mlodzynskyi2009
525,525,Mlodzynskyi2009
526,526,Mlodzynskyi2009
527,527,Mlodzynskyi2009
528,528,Mlodzynskyi2009
529,529,Mlodzynskyi2009
530,530,Mlodzynskyi2009
531,531,Mlodzynskyi2009
532,532,Mlodzynskyi2009
533,533,Mlodzynskyi2009
534,534,Mlodzynskyi2009
535,535,Mlodzynskyi2009
536,536,Mlodzynskyi2009
537,537,Mlodzynskyi2009
538,538,Mlodzynskyi2009
539,539,Mlodzynskyi2009
540,540,Mlodzynskyi2009
541,541,Mlodzynskyi2009
542,542,Mlodzynskyi2009
543,543,Mlodzynskyi2009
544,544,Mlodzynskyi2009
545,545,Mlodzynskyi2009
546,546,Mlodzynskyi2009
547,547,Mlodzynskyi2009
548,548,Mlodzynskyi2009
549,549,Mlodzynskyi2009
550,550,Mlodzynskyi2009
551,551,Mlodzynskyi2009
552,552,Mlodzynskyi2009
553,553,Mlodzynskyi2009
554,554,Mlodzynskyi2009
555,555,Mlodzynskyi2009
556,556,Mlodzynskyi2009
557,557,Mlodzynskyi2009
558,558,Mlodzynskyi2009
559,559,Mlodzynskyi2009
560,560,Mlodzynskyi2009
561,561,Mlodzynskyi2009
562,562,Mlodzynskyi2009
563,563,Mlodzynskyi2009
564,564,Mlodzynskyi2009
565,565,Mlodzynskyi2009
566,566,Mlodzynskyi2009
567,567,Mlodzynskyi2009
568,568,Mlodzynskyi2009
569,569,Mlodzynskyi2009
570,570,Mlodzynskyi2009
571,571,Mlodzynskyi2009
572,572,Mlodzynskyi2009
573,573,Mlodzynskyi2009
574,574,Mlodzynskyi2009
575,575,Mlodzynskyi2009
576,576,Mlodzynskyi2009
577,577,Mlodzynskyi2009
578,578,Mlodzynskyi2009
579,579,Mlodzynskyi2009
580,580,Mlodzynskyi2009
581,581,Mlodzynskyi2009
582,582,Mlodzynskyi2009
583,583,Mlodzynskyi2009
584,584,Mlodzynskyi2009
585,585,Mlodzynskyi2009
586,586,Mlodzynskyi2009
587,587,Mlodzynskyi2009
588,588,Mlodzynskyi2009
589,589,Mlodzynskyi2009
590,590,Mlodzynskyi2009
591,591,Mlodzynskyi2009
592,592,Mlodzynskyi2009
593,593,Mlodzynskyi2009
594,594,Mlodzynskyi2009
595,595,Mlodzynskyi2009
596,596,Mlodzynskyi2009
597,597,Mlodzynskyi2009
598,598,Mlodzynskyi2009
599,599,Mlodzynskyi2009
600,600,Mlodzynskyi2009
601,601,Mlodzynskyi2009
602,602,Mlodzynskyi2009
603,603,Mlodzynskyi2009
604,604,Mlodzynskyi2009
605,605,Mlodzynskyi2009
606,606,Mlodzynskyi2009
607,607,Mlodzynskyi2009
608,608,Mlodzynskyi2009
609,609,Mlodzynskyi2009
610,610,Mlodzynskyi2009
611,611,Mlodzynskyi2009
612,612,Mlodzynskyi2009
613,613,Mlodzynskyi2009
614,614,Mlodzynskyi2009
615,615,Mlodzynskyi2009
616,616,Mlodzynskyi2009
617,617,Mlodzynskyi2009
618,618,Mlodzynskyi2009
619,619,Mlodzynskyi2009
620,620,Mlodzynskyi2009
621,621,Mlodzynskyi2009
622,622,Mlodzynskyi2009
623,623,Mlodzynskyi2009
624,624,Mlodzynskyi2009
625,625,Mlodzynskyi2009
626,626,Mlodzynskyi2009
627,627,Mlodzynskyi2009
628,628,Mlodzynskyi2009
629,629,Mlodzynskyi2009
630,630,Mlodzynskyi2009
631,631,Mlodzynskyi2009
632,632,Mlodzynskyi2009
633,633,Mlodzynskyi2009
634,634,Mlodzynskyi2009
635,635,Mlodzynskyi2009
636,636,Mlodzynskyi2009
637,637,Mlodzynskyi2009
638,638,Mlodzynskyi2009
639,639,Mlodzynskyi2009
640,640,Mlodzynskyi2009
641,641,Mlodzynskyi2009
642,642,Mlodzynskyi2009
643,643,Mlodzynskyi2009
644,644,Mlodzynskyi2009
645,645,Mlodzynskyi2009
646,646,Mlodzynskyi2009
647,647,Mlodzynskyi2009
648,648,Mlodzynskyi2009
649,649,Mlodzynskyi2009
650,650,Mlodzynskyi2009
651,651,Mlodzynskyi2009
652,652,Mlodzynskyi2009
653,653,Mlodzynskyi2009
654,654,Mlodzynskyi2009
655,655,Mlodzynskyi2009
656,656,Mlodzynskyi2009
657,657,Mlodzynskyi2009
658,658,Mlodzynskyi2009
659,659,Mlodzynskyi2009
660,660,Mlodzynskyi2009
661,661,Mlodzynskyi2009
662,662,Mlodzynskyi2009
663,663,Mlodzynskyi2009
664,664,Mlodzynskyi2009
665,665,Mlodzynskyi2009
666,666,Mlodzynskyi2009
667,667,Mlodzynskyi2009
668,668,Mlodzynskyi2009
669,669,Mlodzynskyi2009
670,670,Mlodzynskyi2009
671,671,Mlodzynskyi2009
672,672,Mlodzynskyi2009
673,673,Mlodzynskyi2009
674,674,Mlodzynskyi2009
675,675,Mlodzynskyi2009
676,676,Mlodzynskyi2009
677,677,Mlodzynskyi2009
678,678,Mlodzynskyi2009
679,679,Mlodzynskyi2009
680,680,Mlodzynskyi2009
681,681,Mlodzynskyi2009
682,682,Mlodzynskyi2009
683,683,Mlodzynskyi2009
684,684,Mlodzynskyi2009
685,685,Mlodzynskyi2009
686,686,Mlodzynskyi2009
687,687,Mlodzynskyi2009
688,688,Mlodzynskyi2009
689,689,Mlodzynskyi2009
690,690,Mlodzynskyi2009
691,691,Mlodzynskyi2009
692,692,Mlodzynskyi2009
693,693,Mlodzynskyi2009
694,694,Mlodzynskyi2009
695,695,Mlodzynskyi2009
696,696,Mlodzynskyi2009
697,697,Mlodzynskyi2009
698,698,Mlodzynskyi2009
699,699,Mlodzynskyi2009
700,700,Mlodzynskyi2009
701,701,Mlodzynskyi2009
702,702,Mlodzynskyi2009
703,703,Mlodzynskyi2009
704,704,Mlodzynskyi2009
705,705,Mlodzynskyi2009
706,706,Mlodzynskyi2009
707,707,Mlodzynskyi2009
708,708,Mlodzynskyi2009
709,709,Mlodzynskyi2009
710,710,Mlodzynskyi2009
711,711,Mlodzynskyi2009
712,712,Mlodzynskyi2009
713,713,Mlodzynskyi2009
714,714,Mlodzynskyi2009
715,715,Mlodzynskyi2009
716,716,Mlodzynskyi2009
717,717,Mlodzynskyi2009
718,718,Mlodzynskyi2009
719,719,Mlodzynskyi2009
720,720,Mlodzynskyi2009
721,721,Mlodzynskyi2009
722,722,Mlodzynskyi2009
723,723,Mlodzynskyi2009
724,724,Mlodzynskyi2009
725,725,Mlodzynskyi2009
726,726,Mlodzynskyi2009
727,727,Mlodzynskyi2009
728,728,Mlodzynskyi2009
729,729,Mlodzynskyi2009
730,730,Mlodzynskyi2009
731,731,Mlodzynskyi2009
732,732,Mlodzynskyi2009
733,733,Mlodzynskyi2009
734,734,Mlodzynskyi2009
735,735,Mlodzynskyi2009
736,736,Mlodzynskyi2009
737,737,Mlodzynskyi2009
738,738,Mlodzynskyi2009
739,739,Mlodzynskyi2009
740,740,Mlodzynskyi2009
741,741,Mlodzynskyi2009
742,742,Mlodzynskyi2009
743,743,Mlodzynskyi2009
744,744,Mlodzynskyi2009
745,745,Mlodzynskyi2009
746,746,Mlodzynskyi2009
747,747,Mlodzynskyi2009
748,748,Mlodzynskyi2009
749,749,Mlodzynskyi2009
750,750,Mlodzynskyi2009
751,751,Mlodzynskyi2009
752,752,Mlodzynskyi2009
753,753,Mlodzynskyi2009
754,754,Mlodzynskyi2009
755,755,Mlodzynskyi2009
756,756,Mlodzynskyi2009
757,757,Mlodzynskyi2009
758,758,Mlodzynskyi2009
759,759,Mlodzynskyi2009
760,760,Mlodzynskyi2009
761,761,Mlodzynskyi2009
762,762,Mlodzynskyi2009
763,763,Mlodzynskyi2009
764,764,Mlodzynskyi2009
765,765,Mlodzynskyi2009
766,766,Mlodzynskyi2009
767,767,Mlodzynskyi2009
768,768,Mlodzynskyi2009
769,769,Mlodzynskyi2009
770,770,Mlodzynskyi2009
771,771,Mlodzynskyi2009
772,772,Mlodzynskyi2009
773,773,Mlodzynskyi2009
774,774,Mlodzynskyi2009
775,775,Mlodzynskyi2009
776,776,Mlodzynskyi2009
777,777,Mlodzynskyi2009
778,778,Mlodzynskyi2009
779,779,Mlodzynskyi2009
780,780,Mlodzynskyi2009
781,781,Mlodzynskyi2009
782,782,Mlodzynskyi2009
783,783,Mlodzynskyi2009
784,784,Mlodzynskyi2009
785,785,Mlodzynskyi2009
786,786,Mlodzynskyi2009
787,787,Mlodzynskyi2009
788,788,Mlodzynskyi2009
789,789,Mlodzynskyi2009
790,790,Mlodzynskyi2009
791,791,Mlodzynskyi2009
792,792,Mlodzynskyi2009
793,793,Mlodzynskyi2009
794,794,Mlodzynskyi2009
795,795,Mlodzynskyi2009
796,796,Mlodzynskyi2009
797,797,Mlodzynskyi2009
798,798,Mlodzynskyi2009
799,799,Mlodzynskyi2009
800,800,Mlodzynskyi2009
801,801,Mlodzynskyi2009
802,802,Mlodzynskyi2009
803,803,Mlodzynskyi2009
804,804,Mlodzynskyi2009
805,805,Mlodzynskyi2009
806,806,Mlodzynskyi2009
807,807,Mlodzynskyi2009
808,808,Mlodzynskyi2009
809,809,Mlodzynskyi2009
810,810,Mlodzynskyi2009
811,811,Mlodzynskyi2009
812,812,Mlodzynskyi2009
813,813,Mlodzynskyi2009
814,814,Mlodzynskyi2009
815,815,Mlodzynskyi2009
816,816,Mlodzynskyi2009
817,817,Mlodzynskyi2009
818,818,Mlodzynskyi2009
819,819,Mlodzynskyi2009
820,820,Mlodzynskyi2009
821,821,Mlodzynskyi2009
822,822,Mlodzynskyi2009
823,823,Mlodzynskyi2009
824,824,Mlodzynskyi2009
825,825,Mlodzynskyi2009
826,826,Mlodzynskyi2009
827,827,Mlodzynskyi2009
828,828,Mlodzynskyi2009
829,829,Mlodzynskyi2009
830,830,Mlodzynskyi2009
831,831,Mlodzynskyi2009
832,832,Mlodzynskyi2009
833,833,Mlodzynskyi2009
834,834,Mlodzynskyi2009
835,835,Mlodzynskyi2009
836,836,Mlodzynskyi2009
837,837,Mlodzynskyi2009
838,838,Mlodzynskyi2009
839,839,Mlodzynskyi2009
840,840,Mlodzynskyi2009
841,841,Mlodzynskyi2009
842,842,Mlodzynskyi2009
843,843,Mlodzynskyi2009
844,844,Mlodzynskyi2009
845,845,Mlodzynskyi2009
846,846,Mlodzynskyi2009
847,847,Mlodzynskyi2009
848,848,Mlodzynskyi2009
849,849,Mlodzynskyi2009
850,850,Mlodzynskyi2009
851,851,Mlodzynskyi2009
852,852,Mlodzynskyi2009
853,853,Mlodzynskyi2009
854,854,Mlodzynskyi2009
855,855,Mlodzynskyi2009
856,856,Mlodzynskyi2009
857,857,Mlodzynskyi2009
858,858,Mlodzynskyi2009
859,859,Mlodzynskyi2009
860,860,Mlodzynskyi2009
861,861,Mlodzynskyi2009
862,862,Mlodzynskyi2009
863,863,Mlodzynskyi2009
864,864,Mlodzynskyi2009
865,865,Mlodzynskyi2009
866,866,Mlodzynskyi2009
867,867,Mlodzynskyi2009
868,868,Mlodzynskyi2009
869,869,Mlodzynskyi2009
870,870,Mlodzynskyi2009
871,871,Mlodzynskyi2009
872,872,Mlodzynskyi2009
873,873,Mlodzynskyi2009
874,874,Mlodzynskyi2009
875,875,Mlodzynskyi2009
876,876,Mlodzynskyi2009
877,877,Mlodzynskyi2009
878,878,Mlodzynskyi2009
879,879,Mlodzynskyi2009
880,880,Mlodzynskyi2009
881,881,Mlodzynskyi2009
882,882,Mlodzynskyi2009
883,883,Mlodzynskyi2009
884,884,Mlodzynskyi2009
885,885,Mlodzynskyi2009
886,886,Mlodzynskyi2009
887,887,Mlodzynskyi2009
888,888,Mlodzynskyi2009
889,889,Mlodzynskyi2009
890,890,Mlodzynskyi2009
891,891,Mlodzynskyi2009
892,892,Mlodzynskyi2009
893,893,Mlodzynskyi2009
894,894,Mlodzynskyi2009
895,895,Mlodzynskyi2009
896,896,Mlodzynskyi2009
897,897,Mlodzynskyi2009
898,898,Mlodzynskyi2009
899,899,Mlodzynskyi2009
900,900,Mlodzynskyi2009
901,901,Mlodzynskyi2009
902,902,Mlodzynskyi2009
903,903,Mlodzynskyi2009
904,904,Mlodzynskyi2009
905,905,Mlodzynskyi2009
906,906,Mlodzynskyi2009
907,907,Mlodzynskyi2009
908,908,Mlodzynskyi2009
909,909,Mlodzynskyi2009
910,910,Mlodzynskyi2009
911,911,Mlodzynskyi2009
912,912,Mlodzynskyi2009
913,913,Mlodzynskyi2009
914,914,Mlodzynskyi2009
915,915,Mlodzynskyi2009
916,916,Mlodzynskyi2009
917,917,Mlodzynskyi2009
918,918,Mlodzynskyi2009
919,919,Mlodzynskyi2009
920,920,Mlodzynskyi2009
921,921,Mlodzynskyi2009
922,922,Mlodzynskyi2009
923,923,Mlodzynskyi2009
924,924,Mlodzynskyi2009
925,925,Mlodzynskyi2009
926,926,Mlodzynskyi2009
927,927,Mlodzynskyi2009
928,928,Mlodzynskyi2009
929,929,Mlodzynskyi2009
930,930,Mlodzynskyi2009
931,931,Mlodzynskyi2009
932,932,Mlodzynskyi2009
933,933,Mlodzynskyi2009
934,934,Mlodzynskyi2009
935,935,Mlodzynskyi2009
936,936,Mlodzynskyi2009
937,937,Mlodzynskyi2009
938,938,Mlodzynskyi2009
939,939,Mlodzynskyi2009
940,940,Mlodzynskyi2009
941,941,Mlodzynskyi2009
942,942,Mlodzynskyi2009
943,943,Mlodzynskyi2009
944,944,Mlodzynskyi2009
945,945,Mlodzynskyi2009
946,946,Mlodzynskyi2009
947,947,Mlodzynskyi2009
948,948,Mlodzynskyi2009
949,949,Mlodzynskyi2009
950,950,Mlodzynskyi2009
951,951,Mlodzynskyi2009
952,952,Mlodzynskyi2009
953,953,Mlodzynskyi2009
954,954,Mlodzynskyi2009
955,955,Mlodzynskyi2009
956,956,Mlodzynskyi2009
957,957,Mlodzynskyi2009
958,958,Mlodzynskyi2009
959,959,Mlodzynskyi2009
960,960,Mlodzynskyi2009
961,961,Mlodzynskyi2009
962,962,Mlodzynskyi2009
963,963,Mlodzynskyi2009
964,964,Mlodzynskyi2009
965,965,Mlodzynskyi2009
966,966,Mlodzynskyi2009
967,967,Mlodzynskyi2009
968,968,Mlodzynskyi2009
969,969,Mlodzynskyi2009
970,970,Mlodzynskyi2009
971,971,Mlodzynskyi2009
972,972,Mlodzynskyi2009
973,973,Mlodzynskyi2009
974,974,Mlodzynskyi2009
975,975,Mlodzynskyi2009
976,976,Mlodzynskyi2009
977,977,Mlodzynskyi2009
978,978,Mlodzynskyi2009
979,979,Mlodzynskyi2009
980,980,Mlodzynskyi2009
981,981,Mlodzynskyi2009
982,982,Mlodzynskyi2009
983,983,Mlodzynskyi2009
984,984,Mlodzynskyi2009
985,985,Mlodzynskyi2009
986,986,Mlodzynskyi2009
987,987,Mlodzynskyi2009
988,988,Mlodzynskyi2009
989,989,Mlodzynskyi2009
990,990,Mlodzynskyi2009
991,991,Mlodzynskyi2009
992,992,Mlodzynskyi2009
993,993,Mlodzynskyi2009
994,994,Mlodzynskyi2009
995,995,Mlodzynskyi2009
996,996,Mlodzynskyi2009
997,997,Mlodzynskyi2009
998,998,Mlodzynskyi2009
999,999,Mlodzynskyi2009
1000,1000,Mlodzynskyi2009
1001,1001,Mlodzynskyi2009
1002,1002,Mlodzynskyi2009
1003,1003,Mlodzynskyi2009
1004,1004,Mlodzynskyi2009
1005,1005,Mlodzynskyi2009
1006,1006,Mlodzynskyi2009
1007,1007,Mlodzynskyi2009
1008,1008,Mlodzynskyi2009
1009,1009,Mlodzynskyi2009
1010,1010,Mlodzynskyi2009
1011,1011,Mlodzynskyi2009
1012,1012,Mlodzynskyi2009
1013,1013,Mlodzynskyi2009
1014,1014,Mlodzynskyi2009
1015,1015,Mlodzynskyi2009
1016,1016,Mlodzynskyi2009
1017,1017,Mlodzynskyi2009
1018,1018,Mlodzynskyi2009
1019,1019,Mlodzynskyi2009
1020,1020,Mlodzynskyi2009
1021,1021,Mlodzynskyi2009
1022,1022,Mlodzynskyi2009
1023,1023,Mlodzynskyi2009
1024,1024,Mlodzynskyi2009
1025,1025,Mlodzynskyi2009
1026,1026,Mlodzynskyi2009
1027,1027,Mlodzynskyi2009
1028,1028,Mlodzynskyi2009
1029,1029,Mlodzynskyi2009
1030,1030,Mlodzynskyi2009
1031,1031,Mlodzynskyi2009
1032,1032,Mlodzynskyi2009
1033,1033,Mlodzynskyi2009
1034,1034,Mlodzynskyi2009
1035,1035,Mlodzynskyi2009
1036,1036,Mlodzynskyi2009
1037,1037,Mlodzynskyi2009
1038,1038,Mlodzynskyi2009
1039,1039,Mlodzynskyi2009
1040,1040,Mlodzynskyi2009
1041,1041,Mlodzynskyi2009
1042,1042,Mlodzynskyi2009
1043,1043,Mlodzynskyi2009
1044,1044,Mlodzynskyi2009
1045,1045,Mlodzynskyi2009
1046,1046,Mlodzynskyi2009
1047,1047,Mlodzynskyi2009
1048,1048,Mlodzynskyi2009
1049,1049,Mlodzynskyi2009
1050,1050,Mlodzynskyi2009
1051,1051,Mlodzynskyi2009
1052,1052,Mlodzynskyi2009
1053,1053,Mlodzynskyi2009
1054,1054,Mlodzynskyi2009
1055,1055,Mlodzynskyi2009
1056,1056,Mlodzynskyi2009
1057,1057,Mlodzynskyi2009
1058,1058,Mlodzynskyi2009
1059,1059,Mlodzynskyi2009
1060,1060,Mlodzynskyi2009
1061,1061,Mlodzynskyi2009
1062,1062,Mlodzynskyi2009
1063,1063,Mlodzynskyi2009
1064,1064,Mlodzynskyi2009
1065,1065,Mlodzynskyi2009
1066,1066,Mlodzynskyi2009
1067,1067,Mlodzynskyi2009
1068,1068,Mlodzynskyi2009
1069,1069,Mlodzynskyi2009
1070,1070,Mlodzynskyi2009
1071,1071,Mlodzynskyi2009
1072,1072,Mlodzynskyi2009
1073,1073,Mlodzynskyi2009
1074,1074,Mlodzynskyi2009
1075,1075,Mlodzynskyi2009
1076,1076,Mlodzynskyi2009
1077,1077,Mlodzynskyi2009
1078,1078,Mlodzynskyi2009
1079,1079,Mlodzynskyi2009
1080,1080,Mlodzynskyi2009
1081,1081,Mlodzynskyi2009
1082,1082,Mlodzynskyi2009
1083,1083,Mlodzynskyi2009
1084,1084,Mlodzynskyi2009
1085,1085,Mlodzynskyi2009
1086,1086,Mlodzynskyi2009
1087,1087,Mlodzynskyi2009
1088,1088,Mlodzynskyi2009
1089,1089,Mlodzynskyi2009
1090,1090,Mlodzynskyi2009
1091,1091,Mlodzynskyi2009
1092,1092,Mlodzynskyi2009
1093,1093,Mlodzynskyi2009
1094,1094,Mlodzynskyi2009
1095,1095,Mlodzynskyi2009
1096,1096,Mlodzynskyi2009
1097,1097,Mlodzynskyi2009
1098,1098,Mlodzynskyi2009
1099,1099,Mlodzynskyi2009
1100,1100,Mlodzynskyi2009
1101,1101,Mlodzynskyi2009
1102,1102,Mlodzynskyi2009
1103,1103,Mlodzynskyi2009
1104,1104,Mlodzynskyi2009
1105,1105,Mlodzynskyi2009
1106,1106,Mlodzynskyi2009
1107,1107,Mlodzynskyi2009
1108,1108,Mlodzynskyi2009
1109,1109,Mlodzynskyi2009
1110,1110,Mlodzynskyi2009
1111,1111,Mlodzynskyi2009
1112,1112,Mlodzynskyi2009
1113,1113,Mlodzynskyi2009
1114,1114,Mlodzynskyi2009
1115,1115,Mlodzynskyi2009
1116,1116,Mlodzynskyi2009
1117,1117,Mlodzynskyi2009
1118,1118,Mlodzynskyi2009
1119,1119,Mlodzynskyi2009
1120,1120,Mlodzynskyi2009
1121,1121,Mlodzynskyi2009
1122,1122,Mlodzynskyi2009
1123,1123,Mlodzynskyi2009
1124,1124,Mlodzynskyi2009
1125,1125,Mlodzynskyi2009
1126,1126,Mlodzynskyi2009
1127,1127,Mlodzynskyi2009
1128,1128,Mlodzynskyi2009
1129,1129,Mlodzynskyi2009
1130,1130,Mlodzynskyi2009
1131,1131,Mlodzynskyi2009
1132,1132,Mlodzynskyi2009
1133,1133,Mlodzynskyi2009
1134,1134,Mlodzynskyi2009
1135,1135,Mlodzynskyi2009
1136,1136,Mlodzynskyi2009
1137,1137,Mlodzynskyi2009
1138,1138,Mlodzynskyi2009
1139,1139,Mlodzynskyi2009
1140,1140,Mlodzynskyi2009
1141,1141,Mlodzynskyi2009
1142,1142,Mlodzynskyi2009
1143,1143,Mlodzynskyi2009
1144,1144,Mlodzynskyi2009
1145,1145,Mlodzynskyi2009
1146,1146,Mlodzynskyi2009
1147,1147,Mlodzynskyi2009
1148,1148,Mlodzynskyi2009
1149,1149,Mlodzynskyi2009
1150,1150,Mlodzynskyi2009
1151,1151,Mlodzynskyi2009
1152,1152,Mlodzynskyi2009
1153,1153,Mlodzynskyi2009
1154,1154,Mlodzynskyi2009
1155,1155,Mlodzynskyi2009
1156,1156,Mlodzynskyi2009
1157,1157,Mlodzynskyi2009
1158,1158,Mlodzynskyi2009
1159,1159,Mlodzynskyi2009
1160,1160,Mlodzynskyi2009
1161,1161,Mlodzynskyi2009
1162,1162,Mlodzynskyi2009
1163,1163,Mlodzynskyi2009
1164,1164,Mlodzynskyi2009
1165,1165,Mlodzynskyi2009
1166,1166,Mlodzynskyi2009
1167,1167,Mlodzynskyi2009
1168,1168,Mlodzynskyi2009
1169,1169,Mlodzynskyi2009
1170,1170,Mlodzynskyi2009
1171,1171,Mlodzynskyi2009
1172,1172,Mlodzynskyi2009
1173,1173,Mlodzynskyi2009
1174,1174,Mlodzynskyi2009
1175,1175,Mlodzynskyi2009
1176,1176,Mlodzynskyi2009
1177,1177,Mlodzynskyi2009
1178,1178,Mlodzynskyi2009
1179,1179,Mlodzynskyi2009
1180,1180,Mlodzynskyi2009
1181,1181,Mlodzynskyi2009
1182,1182,Mlodzynskyi2009
1183,1183,Mlodzynskyi2009
1184,1184,Mlodzynskyi2009
1185,1185,Mlodzynskyi2009
1186,1186,Mlodzynskyi2009
1187,1187,Mlodzynskyi2009
1188,1188,Mlodzynskyi2009
1189,1189,Mlodzynskyi2009
1190,1190,Mlodzynskyi2009
1191,1191,Mlodzynskyi2009
1192,1192,Mlodzynskyi2009
1193,1193,Mlodzynskyi2009
1194,1194,Mlodzynskyi2009
1195,1195,Mlodzynskyi2009
1196,1196,Mlodzynskyi2009
1197,1197,Mlodzynskyi2009
1198,1198,Mlodzynskyi2009
1199,1199,Mlodzynskyi2009
1200,1200,Mlodzynskyi2009
1201,1201,Mlodzynskyi2009
1202,1202,Mlodzynskyi2009
1203,1203,Mlodzynskyi2009
1204,1204,Mlodzynskyi2009
1205,1205,Mlodzynskyi2009
1206,1206,Mlodzynskyi2009
1207,1207,Mlodzynskyi2009
1208,1208,Mlodzynskyi2009
1209,1209,Mlodzynskyi2009
1210,1210,Mlodzynskyi2009
1211,1211,Mlodzynskyi2009
1212,1212,Mlodzynskyi2009
1213,1213,Mlodzynskyi2009
1214,1214,Mlodzynskyi2009
1215,1215,Mlodzynskyi2009
1216,1216,Mlodzynskyi2009
1217,1217,Mlodzynskyi2009
1218,1218,Mlodzynskyi2009
1219,1219,Mlodzynskyi2009
1220,1220,Mlodzynskyi2009
1221,1221,Mlodzynskyi2009
1222,1222,Mlodzynskyi2009
1223,1223,Mlodzynskyi2009
1224,1224,Mlodzynskyi2009
1225,1225,Mlodzynskyi2009
1226,1226,Mlodzynskyi2009
1227,1227,Mlodzynskyi2009
1228,1228,Mlodzynskyi2009
1229,1229,Mlodzynskyi2009
1230,1230,Mlodzynskyi2009
1231,1231,Mlodzynskyi2009
1232,1232,Mlodzynskyi2009
1233,1233,Mlodzynskyi2009
1234,1234,Mlodzynskyi2009
1235,1235,Mlodzynskyi2009
1236,1236,Mlodzynskyi2009
1237,1237,Mlodzynskyi2009
1238,1238,Mlodzynskyi2009
1239,1239,Mlodzynskyi2009
1240,1240,Mlodzynskyi2009
1241,1241,Mlodzynskyi2009
1242,1242,Mlodzynskyi2009
1243,1243,Mlodzynskyi2009
1244,1244,Mlodzynskyi2009
1245,1245,Mlodzynskyi2009
1246,1246,Mlodzynskyi2009
1247,1247,Mlodzynskyi2009
1248,1248,Mlodzynskyi2009
1249,1249,Mlodzynskyi2009
1250,1250,Mlodzynskyi2009
1251,1251,Mlodzynskyi2009
1252,1252,Mlodzynskyi2009
1253,1253,Mlodzynskyi2009
1254,1254,Mlodzynskyi2009
1255,1255,Mlodzynskyi2009
1256,1256,Mlodzynskyi2009
1257,1257,Mlodzynskyi2009
1258,1258,Mlodzynskyi2009
1259,1259,Mlodzynskyi2009
1260,1260,Mlodzynskyi2009
1261,1261,Mlodzynskyi2009
1262,1262,Mlodzynskyi2009
1263,1263,Mlodzynskyi2009
1264,1264,Mlodzynskyi2009
1265,1265,Mlodzynskyi2009
1266,1266,Mlodzynskyi2009
1267,1267,Mlodzynskyi2009
1268,1268,Mlodzynskyi2009
1269,1269,Mlodzynskyi2009
1270,1270,Mlodzynskyi2009
1271,1271,Mlodzynskyi2009
1272,1272,Mlodzynskyi2009
1273,1273,Mlodzynskyi2009
1274,1274,Mlodzynskyi2009
1275,1275,Mlodzynskyi2009
1276,1276,Mlodzynskyi2009
1277,1277,Mlodzynskyi2009
1278,1278,Mlodzynskyi2009
1279,1279,Mlodzynskyi2009
1280,1280,Mlodzynskyi2009
1281,1281,Mlodzynskyi2009
1282,1282,Mlodzynskyi2009
1283,1283,Mlodzynskyi2009
1284,1284,Mlodzynskyi2009
1285,1285,Mlodzynskyi2009
1286,1286,Mlodzynskyi2009
1287,1287,Mlodzynskyi2009
1288,1288,Mlodzynskyi2009
1289,1289,Mlodzynskyi2009
1290,1290,Mlodzynskyi2009
1291,1291,Mlodzynskyi2009
1292,1292,Mlodzynskyi2009
1293,1293,Mlodzynskyi2009
1294,1294,Mlodzynskyi2009
1295,1295,Mlodzynskyi2009
1296,1296,Mlodzynskyi2009
1297,1297,Mlodzynskyi2009
1298,1298,Mlodzynskyi2009
1299,1299,Mlodzynskyi2009
1300,1300,Mlodzynskyi2009
1301,1301,Mlodzynskyi2009
1302,1302,Mlodzynskyi2009
1303,1303,Mlodzynskyi2009
1304,1304,Mlodzynskyi2009
1305,1305,Mlodzynskyi2009
1306,1306,Mlodzynskyi2009
1307,1307,Mlodzynskyi2009
1308,1308,Mlodzynskyi2009
1309,1309,Mlodzynskyi2009
1310,1310,Mlodzynskyi2009
1311,1311,Mlodzynskyi2009
1312,1312,Mlodzynskyi2009
1313,1313,Mlodzynskyi2009
1314,1314,Mlodzynskyi2009
1315,1315,Mlodzynskyi2009
1316,1316,Mlodzynskyi2009
1317,1317,Mlodzynskyi2009
1318,1318,Mlodzynskyi2009
1319,1319,Mlodzynskyi2009
1320,1320,Mlodzynskyi2009
1321,1321,Mlodzynskyi2009
1322,1322,Mlodzynskyi2009
1323,1323,Mlodzynskyi2009
1324,1324,Mlodzynskyi2009
1325,1325,Mlodzynskyi2009
1326,1326,Mlodzynskyi2009
1327,1327,Mlodzynskyi2009
1328,1328,Mlodzynskyi2009
1329,1329,Mlodzynskyi2009
1330,1330,Mlodzynskyi2009
1331,1331,Mlodzynskyi2009
1332,1332,Mlodzynskyi2009
1333,1333,Mlodzynskyi2009
1334,1334,Mlodzynskyi2009
1335,1335,Mlodzynskyi2009
1336,1336,Mlodzynskyi2009
1337,1337,Mlodzynskyi2009
1338,1338,Mlodzynskyi2009
1339,1339,Mlodzynskyi2009
1340,1340,Mlodzynskyi2009
1341,1341,Mlodzynskyi2009
1342,1342,Mlodzynskyi2009
1343,1343,Mlodzynskyi2009
1344,1344,Mlodzynskyi2009
1345,1345,Mlodzynskyi2009
1346,1346,Mlodzynskyi2009
1347,1347,Mlodzynskyi2009
1348,1348,Mlodzynskyi2009
1349,1349,Mlodzynskyi2009
1350,1350,Mlodzynskyi2009
1351,1351,Mlodzynskyi2009
1352,1352,Mlodzynskyi2009
1353,1353,Mlodzynskyi2009
1354,1354,Mlodzynskyi2009
1355,1355,Mlodzynskyi2009
1356,1356,Mlodzynskyi2009
1357,1357,Mlodzynskyi2009
1358,1358,Mlodzynskyi2009
1359,1359,Mlodzynskyi2009
1360,1360,Mlodzynskyi2009
1361,1361,Mlodzynskyi2009
1362,1362,Mlodzynskyi2009
1363,1363,Mlodzynskyi2009
1364,1364,Mlodzynskyi2009
1365,1365,Mlodzynskyi2009
1366,1366,Mlodzynskyi2009
1367,1367,Mlodzynskyi2009
1368,1368,Mlodzynskyi2009
1369,1369,Mlodzynskyi2009
1370,1370,Mlodzynskyi2009
1371,1371,Mlodzynskyi2009
1372,1372,Mlodzynskyi2009
1373,1373,Mlodzynskyi2009
1374,1374,Mlodzynskyi2009
1375,1375,Mlodzynskyi2009
1376,1376,Mlodzynskyi2009
1377,1377,Mlodzynskyi2009
1378,1378,Mlodzynskyi2009
1379,1379,Mlodzynskyi2009
1380,1380,Mlodzynskyi2009
1381,1381,Mlodzynskyi2009
1382,1382,Mlodzynskyi2009
1383,1383,Mlodzynskyi2009
1384,1384,Mlodzynskyi2009
1385,1385,Mlodzynskyi2009
1386,1386,Mlodzynskyi2009
1387,1387,Mlodzynskyi2009
1388,1388,Mlodzynskyi2009
1389,1389,Mlodzynskyi2009
1390,1390,Mlodzynskyi2009
1391,1391,Mlodzynskyi2009
1392,1392,Mlodzynskyi2009
1393,1393,Mlodzynskyi2009
1394,1394,Mlodzynskyi2009
1395,1395,Mlodzynskyi2009
1396,1396,Mlodzynskyi2009
1397,1397,Mlodzynskyi2009
1398,1398,Mlodzynskyi2009
1399,1399,Mlodzynskyi2009
1400,1400,Mlodzynskyi2009
1401,1401,Mlodzynskyi2009
1402,1402,Mlodzynskyi2009
1403,1403,Mlodzynskyi2009
1404,1404,Mlodzynskyi2009
1405,1405,Mlodzynskyi2009
1406,1406,Mlodzynskyi2009
1407,1407,Mlodzynskyi2009
1408,1408,Mlodzynskyi2009
1409,1409,Mlodzynskyi2009
1410,1410,Mlodzynskyi2009
1411,1411,Mlodzynskyi2009
1412,1412,Mlodzynskyi2009
1413,1413,Mlodzynskyi2009
1414,1414,Mlodzynskyi2009
1415,1415,Mlodzynskyi2009
1416,1416,Mlodzynskyi2009
1417,1417,Mlodzynskyi2009
1418,1418,Mlodzynskyi2009
1419,1419,Mlodzynskyi2009
1420,1420,Mlodzynskyi2009
1421,1421,Mlodzynskyi2009
1422,1422,Mlodzynskyi2009
1423,1423,Mlodzynskyi2009
1424,1424,Mlodzynskyi2009
1425,1425,Mlodzynskyi2009
1426,1426,Mlodzynskyi2009
1427,1427,Mlodzynskyi2009
1428,1428,Mlodzynskyi2009
1429,1429,Mlodzynskyi2009
1430,1430,Mlodzynskyi2009
1431,1431,Mlodzynskyi2009
1432,1432,Mlodzynskyi2009
1433,1433,Mlodzynskyi2009
1434,1434,Mlodzynskyi2009
1435,1435,Mlodzynskyi2009
1436,1436,Mlodzynskyi2009
1437,1437,Mlodzynskyi2009
1438,1438,Mlodzynskyi2009
1439,1439,Mlodzynskyi2009
1440,1440,Mlodzynskyi2009
1441,1441,Mlodzynskyi2009
1442,1442,Mlodzynskyi2009
1443,1443,Mlodzynskyi2009
1444,1444,Mlodzynskyi2009
1445,1445,Mlodzynskyi2009
1446,1446,Mlodzynskyi2009
1447,1447,Mlodzynskyi2009
1448,1448,Mlodzynskyi2009
1449,1449,Mlodzynskyi2009
1450,1450,Mlodzynskyi2009
1451,1451,Mlodzynskyi2009
1452,1452,Mlodzynskyi2009
1453,1453,Mlodzynskyi2009
1454,1454,Mlodzynskyi2009
1455,1455,Mlodzynskyi2009
1456,1456,Mlodzynskyi2009
1457,1457,Mlodzynskyi2009
1458,1458,Mlodzynskyi2009
1459,1459,Mlodzynskyi2009
1460,1460,Mlodzynskyi2009
1461,1461,Mlodzynskyi2009
1462,1462,Mlodzynskyi2009
1463,1463,Mlodzynskyi2009
1464,1464,Mlodzynskyi2009
1465,1465,Mlodzynskyi2009
1466,1466,Mlodzynskyi2009
1467,1467,Mlodzynskyi2009
1468,1468,Mlodzynskyi2009
1469,1469,Mlodzynskyi2009
1470,1470,Mlodzynskyi2009
1471,1471,Mlodzynskyi2009
1472,1472,Mlodzynskyi2009
1473,1473,Mlodzynskyi2009
1474,1474,Mlodzynskyi2009
1475,1475,Mlodzynskyi2009
1476,1476,Mlodzynskyi2009
1477,1477,Mlodzynskyi2009
1478,1478,Mlodzynskyi2009
1479,1479,Mlodzynskyi2009
1480,1480,Mlodzynskyi2009
1481,1481,Mlodzynskyi2009
1482,1482,Mlodzynskyi2009
1483,1483,Mlodzynskyi2009
1484,1484,Mlodzynskyi2009
1485,1485,Mlodzynskyi2009
1486,1486,Mlodzynskyi2009
1487,1487,Mlodzynskyi2009
1488,1488,Mlodzynskyi2009
1489,1489,Mlodzynskyi2009
1490,1490,Mlodzynskyi2009
1491,1491,Mlodzynskyi2009
1492,1492,Mlodzynskyi2009
1493,1493,Mlodzynskyi2009
1494,1494,Mlodzynskyi2009
1495,1495,Mlodzynskyi2009
1496,1496,Mlodzynskyi2009
1497,1497,Mlodzynskyi2009
1498,1498,Mlodzynskyi2009
1499,1499,Mlodzynskyi2009
1500,1500,Mlodzynskyi2009
1501,1501,Mlodzynskyi2009
1502,1502,Mlodzynskyi2009
1503,1503,Mlodzynskyi2009
1504,1504,Mlodzynskyi2009
1505,1505,Mlodzynskyi2009
1506,1506,Mlodzynskyi2009
1507,1507,Mlodzynskyi2009
1508,1508,Mlodzynskyi2009
1509,1509,Mlodzynskyi2009
1510,1510,Mlodzynskyi2009
1511,1511,Mlodzynskyi2009
1512,1512,Mlodzynskyi2009
1513,1513,Mlodzynskyi2009
1514,1514,Mlodzynskyi2009
1515,1515,Mlodzynskyi2009
1516,1516,Mlodzynskyi2009
1517,1517,Mlodzynskyi2009
1518,1518,Mlodzynskyi2009
1519,1519,Mlodzynskyi2009
1520,1520,Mlodzynskyi2009
1521,1521,Mlodzynskyi2009
1522,1522,Mlodzynskyi2009
1523,1523,Mlodzynskyi2009
1524,1524,Mlodzynskyi2009
1525,1525,Mlodzynskyi2009
1526,1526,Mlodzynskyi2009
1527,1527,Mlodzynskyi2009
1528,1528,Mlodzynskyi2009
1529,1529,Mlodzynskyi2009
1530,1530,Mlodzynskyi2009
1531,1531,Mlodzynskyi2009
1532,1532,Mlodzynskyi2009
1533,1533,Mlodzynskyi2009
1534,1534,Mlodzynskyi2009
1535,1535,Mlodzynskyi2009
1536,1536,Mlodzynskyi2009
1537,1537,Mlodzynskyi2009
1538,1538,Mlodzynskyi2009
1539,1539,Mlodzynskyi2009
1540,1540,Mlodzynskyi2009
1541,1541,Mlodzynskyi2009
1542,1542,Mlodzynskyi2009
1543,1543,Mlodzynskyi2009
1544,1544,Mlodzynskyi2009
1545,1545,Mlodzynskyi2009
1546,1546,Mlodzynskyi2009
1547,1547,Mlodzynskyi2009
1548,1548,Mlodzynskyi2009
1549,1549,Mlodzynskyi2009
1550,1550,Mlodzynskyi2009
1551,1551,Mlodzynskyi2009
1552,1552,Mlodzynskyi2009
1553,1553,Mlodzynskyi2009
1554,1554,Mlodzynskyi2009
1555,1555,Mlodzynskyi2009
1556,1556,Mlodzynskyi2009
1557,1557,Mlodzynskyi2009
1558,1558,Mlodzynskyi2009
1559,1559,Mlodzynskyi2009
1560,1560,Mlodzynskyi2009
1561,1561,Mlodzynskyi2009
1562,1562,Mlodzynskyi2009
1563,1563,Mlodzynskyi2009
1564,1564,Mlodzynskyi2009
1565,1565,Mlodzynskyi2009
1566,1566,Mlodzynskyi2009
1567,1567,Mlodzynskyi2009
1568,1568,Mlodzynskyi2009
1569,1569,Mlodzynskyi2009
1570,1570,Mlodzynskyi2009
1571,1571,Mlodzynskyi2009
1572,1572,Mlodzynskyi2009
1573,1573,Mlodzynskyi2009
1574,1574,Mlodzynskyi2009
1575,1575,Mlodzynskyi2009
1576,1576,Mlodzynskyi2009
1577,1577,Mlodzynskyi2009
1578,1578,Mlodzynskyi2009
1579,1579,Mlodzynskyi2009
1580,1580,Mlodzynskyi2009
1581,1581,Mlodzynskyi2009
1582,1582,Mlodzynskyi2009
1583,1583,Mlodzynskyi2009
1584,1584,Mlodzynskyi2009
1585,1585,Mlodzynskyi2009
1586,1586,Mlodzynskyi2009
1587,1587,Mlodzynskyi2009
1588,1588,Mlodzynskyi2009
1589,1589,Mlodzynskyi2009
1590,1590,Mlodzynskyi2009
1591,1591,Mlodzynskyi2009
1592,1592,Mlodzynskyi2009
1593,1593,Mlodzynskyi2009
1594,1594,Mlodzynskyi2009
1595,1595,Mlodzynskyi2009
1596,1596,Mlodzynskyi2009
1597,1597,Mlodzynskyi2009
1598,1598,Mlodzynskyi2009
1599,1599,Mlodzynskyi2009
1600,1600,Mlodzynskyi2009
1601,1601,Mlodzynskyi2009
1602,1602,Mlodzynskyi2009
1603,1603,Mlodzynskyi2009
1604,1604,Mlodzynskyi2009
1605,1605,Mlodzynskyi2009
1606,1606,Mlodzynskyi2009
1607,1607,Mlodzynskyi2009
1608,1608,Mlodzynskyi2009
1609,1609,Mlodzynskyi2009
1610,1610,Mlodzynskyi2009
1611,1611,Mlodzynskyi2009
1612,1612,Mlodzynskyi2009
1613,1613,Mlodzynskyi2009
1614,1614,Mlodzynskyi2009
1615,1615,Mlodzynskyi2009
1616,1616,Mlodzynskyi2009
1617,1617,Mlodzynskyi2009
1618,1618,Mlodzynskyi2009
1619,1619,Mlodzynskyi2009
1620,1620,Mlodzynskyi2009
1621,1621,Mlodzynskyi2009
1622,1622,Mlodzynskyi2009
1623,1623,Mlodzynskyi2009
1624,1624,Mlodzynskyi2009
1625,1625,Mlodzynskyi2009
1626,1626,Mlodzynskyi2009
1627,1627,Mlodzynskyi2009
1628,1628,Mlodzynskyi2009
1629,1629,Mlodzynskyi2009
1630,1630,Mlodzynskyi2009
1631,1631,Mlodzynskyi2009
1632,1632,Mlodzynskyi2009
1633,1633,Mlodzynskyi2009
1634,1634,Mlodzynskyi2009
1635,1635,Mlodzynskyi2009
1636,1636,Mlodzynskyi2009
1637,1637,Mlodzynskyi2009
1638,1638,Mlodzynskyi2009
1639,1639,Mlodzynskyi2009
1640,1640,Mlodzynskyi2009
1641,1641,Mlodzynskyi2009
1642,1642,Mlodzynskyi2009
1643,1643,Mlodzynskyi2009
1644,1644,Mlodzynskyi2009
1645,1645,Mlodzynskyi2009
1646,1646,Mlodzynskyi2009
1647,1647,Mlodzynskyi2009
1648,1648,Mlodzynskyi2009
1649,1649,Mlodzynskyi2009
1650,1650,Mlodzynskyi2009
1651,1651,Mlodzynskyi2009
1652,1652,Mlodzynskyi2009
1653,1653,Mlodzynskyi2009
1654,1654,Mlodzynskyi2009
1655,1655,Mlodzynskyi2009
1656,1656,Mlodzynskyi2009
1657,1657,Mlodzynskyi2009
1658,1658,Mlodzynskyi2009
1659,1659,Mlodzynskyi2009
1660,1660,Mlodzynskyi2009
1661,1661,Mlodzynskyi2009
1662,1662,Mlodzynskyi2009
1663,1663,Mlodzynskyi2009
1664,1664,Mlodzynskyi2009
1665,1665,Mlodzynskyi2009
1666,1666,Mlodzynskyi2009
1667,1667,Mlodzynskyi2009
1668,1668,Mlodzynskyi2009
1669,1669,Mlodzynskyi2009
1670,1670,Mlodzynskyi2009
1671,1671,Mlodzynskyi2009
1672,1672,Mlodzynskyi2009
1673,1673,Mlodzynskyi2009
1674,1674,Mlodzynskyi2009
1675,1675,Mlodzynskyi2009
1676,1676,Mlodzynskyi2009
1677,1677,Mlodzynskyi2009
1678,1678,Mlodzynskyi2009
1679,1679,Mlodzynskyi2009
1680,1680,Mlodzynskyi2009
1681,1681,Mlodzynskyi2009
1682,1682,Mlodzynskyi2009
1683,1683,Mlodzynskyi2009
1684,1684,Mlodzynskyi2009
1685,1685,Mlodzynskyi2009
1686,1686,Mlodzynskyi2009
1687,1687,Mlodzynskyi2009
1688,1688,Mlodzynskyi2009
1689,1689,Mlodzynskyi2009
1690,1690,Mlodzynskyi2009
1691,1691,Mlodzynskyi2009
1692,1692,Mlodzynskyi2009
1693,1693,Mlodzynskyi2009
1694,1694,Mlodzynskyi2009
1695,1695,Mlodzynskyi2009
1696,1696,Mlodzynskyi2009
1697,1697,Mlodzynskyi2009
1698,1698,Mlodzynskyi2009
1699,1699,Mlodzynskyi2009
1700,1700,Mlodzynskyi2009
1701,1701,Mlodzynskyi2009
1702,1702,Mlodzynskyi2009
1703,1703,Mlodzynskyi2009
1704,1704,Mlodzynskyi2009
1705,1705,Mlodzynskyi2009
1706,1706,Mlodzynskyi2009
1707,1707,Mlodzynskyi2009
1708,1708,Mlodzynskyi2009
1709,1709,Mlodzynskyi2009
1710,1710,Mlodzynskyi2009
1711,1711,Mlodzynskyi2009
1712,1712,Mlodzynskyi2009
1713,1713,Mlodzynskyi2009
1714,1714,Mlodzynskyi2009
1715,1715,Mlodzynskyi2009
1716,1716,Mlodzynskyi2009
1717,1717,Mlodzynskyi2009
1718,1718,Mlodzynskyi2009
1719,1719,Mlodzynskyi2009
1720,1720,Mlodzynskyi2009
1721,1721,Mlodzynskyi2009
1722,1722,Mlodzynskyi2009
1723,1723,Mlodzynskyi2009
1724,1724,Mlodzynskyi2009
1725,1725,Mlodzynskyi2009
1726,1726,Mlodzynskyi2009
1727,1727,Mlodzynskyi2009
1728,1728,Mlodzynskyi2009
1729,1729,Mlodzynskyi2009
1730,1730,Mlodzynskyi2009
1731,1731,Mlodzynskyi2009
1732,1732,Mlodzynskyi2009
1733,1733,Mlodzynskyi2009
1734,1734,Mlodzynskyi2009
1735,1735,Mlodzynskyi2009
1736,1736,Mlodzynskyi2009
1737,1737,Mlodzynskyi2009
1738,1738,Mlodzynskyi2009
1739,1739,Mlodzynskyi2009
1740,1740,Mlodzynskyi2009
1741,1741,Mlodzynskyi2009
1742,1742,Mlodzynskyi2009
1743,1743,Mlodzynskyi2009
1744,1744,Mlodzynskyi2009
1745,1745,Mlodzynskyi2009
1746,1746,Mlodzynskyi2009
1747,1747,Mlodzynskyi2009
1748,1748,Mlodzynskyi2009
1749,1749,Mlodzynskyi2009
1750,1750,Mlodzynskyi2009
1751,1751,Mlodzynskyi2009
1752,1752,Mlodzynskyi2009
1753,1753,Mlodzynskyi2009
1754,1754,Mlodzynskyi2009
1755,1755,Mlodzynskyi2009
1756,1756,Mlodzynskyi2009
1757,1757,Mlodzynskyi2009
1758,1758,Mlodzynskyi2009
1759,1759,Mlodzynskyi2009
1760,1760,Mlodzynskyi2009
1761,1761,Mlodzynskyi2009
1762,1762,Mlodzynskyi2009
1763,1763,Mlodzynskyi2009
1764,1764,Mlodzynskyi2009
1765,1765,Mlodzynskyi2009
1766,1766,Mlodzynskyi2009
1767,1767,Mlodzynskyi2009
1768,1768,Mlodzynskyi2009
1769,1769,Mlodzynskyi2009
1770,1770,Mlodzynskyi2009
1771,1771,Mlodzynskyi2009
1772,1772,Mlodzynskyi2009
1773,1773,Mlodzynskyi2009
1774,1774,Mlodzynskyi2009
1775,1775,Mlodzynskyi2009
1776,1776,Mlodzynskyi2009
1777,1777,Mlodzynskyi2009
1778,1778,Mlodzynskyi2009
1779,1779,Mlodzynskyi2009
1780,1780,Mlodzynskyi2009
1781,1781,Mlodzynskyi2009
1782,1782,Mlodzynskyi2009
1783,1783,Mlodzynskyi2009
1784,1784,Mlodzynskyi2009
1785,1785,Mlodzynskyi2009
1786,1786,Mlodzynskyi2009
1787,1787,Mlodzynskyi2009
1788,1788,Mlodzynskyi2009
1789,1789,Mlodzynskyi2009
1790,1790,Mlodzynskyi2009
1791,1791,Mlodzynskyi2009
1792,1792,Mlodzynskyi2009
1793,1793,Mlodzynskyi2009
1794,1794,Mlodzynskyi2009
1795,1795,Mlodzynskyi2009
1796,1796,Mlodzynskyi2009
1797,1797,Mlodzynskyi2009
1798,1798,Mlodzynskyi2009
1799,1799,Mlodzynskyi2009
1800,1800,Mlodzynskyi2009
1801,1801,Mlodzynskyi2009
1802,1802,Mlodzynskyi2009
1803,1803,Mlodzynskyi2009
1804,1804,Mlodzynskyi2009
1805,1805,Mlodzynskyi2009
1806,1806,Mlodzynskyi2009
1807,1807,Mlodzynskyi2009
1808,1808,Mlodzynskyi2009
1809,1809,Mlodzynskyi2009
1810,1810,Mlodzynskyi2009
1811,1811,Mlodzynskyi2009
1812,1812,Mlodzynskyi2009
1813,1813,Mlodzynskyi2009
1814,1814,Mlodzynskyi2009
1815,1815,Mlodzynskyi2009
1816,1816,Mlodzynskyi2009
1817,1817,Mlodzynskyi2009
1818,1818,Mlodzynskyi2009
1819,1819,Mlodzynskyi2009
1820,1820,Mlodzynskyi2009
1821,1821,Mlodzynskyi2009
1822,1822,Mlodzynskyi2009
1823,1823,Mlodzynskyi2009
1824,1824,Mlodzynskyi2009
1825,1825,Mlodzynskyi2009
1826,1826,Mlodzynskyi2009
1827,1827,Mlodzynskyi2009
1828,1828,Mlodzynskyi2009
1829,1829,Mlodzynskyi2009
1830,1830,Mlodzynskyi2009
1831,1831,Mlodzynskyi2009
1832,1832,Mlodzynskyi2009
1833,1833,Mlodzynskyi2009
1834,1834,Mlodzynskyi2009
1835,1835,Mlodzynskyi2009
1836,1836,Mlodzynskyi2009
1837,1837,Mlodzynskyi2009
1838,1838,Mlodzynskyi2009
1839,1839,Mlodzynskyi2009
1840,1840,Mlodzynskyi2009
1841,1841,Mlodzynskyi2009
1842,1842,Mlodzynskyi2009
1843,1843,Mlodzynskyi2009
1844,1844,Mlodzynskyi2009
1845,1845,Mlodzynskyi2009
1846,1846,Mlodzynskyi2009
1847,1847,Mlodzynskyi2009
1848,1848,Mlodzynskyi2009
1849,1849,Mlodzynskyi2009
1850,1850,Mlodzynskyi2009
1851,1851,Mlodzynskyi2009
1852,1852,Mlodzynskyi2009
1853,1853,Mlodzynskyi2009
1854,1854,Mlodzynskyi2009
1855,1855,Mlodzynskyi2009
1856,1856,Mlodzynskyi2009
1857,1857,Mlodzynskyi2009
1858,1858,Mlodzynskyi2009
1859,1859,Mlodzynskyi2009
1860,1860,Mlodzynskyi2009
1861,1861,Mlodzynskyi2009
1862,1862,Mlodzynskyi2009
1863,1863,Mlodzynskyi2009
1864,1864,Mlodzynskyi2009
1865,1865,Mlodzynskyi2009
1866,1866,Mlodzynskyi2009
1867,1867,Mlodzynskyi2009
1868,1868,Mlodzynskyi2009
1869,1869,Mlodzynskyi2009
1870,1870,Mlodzynskyi2009
1871,1871,Mlodzynskyi2009
1872,1872,Mlodzynskyi2009
1873,1873,Mlodzynskyi2009
1874,1874,Mlodzynskyi2009
1875,1875,Mlodzynskyi2009
1876,1876,Mlodzynskyi2009
1877,1877,Mlodzynskyi2009
1878,1878,Mlodzynskyi2009
1879,1879,Mlodzynskyi2009
1880,1880,Mlodzynskyi2009
1881,1881,Mlodzynskyi2009
1882,1882,Mlodzynskyi2009
1883,1883,Mlodzynskyi2009
1884,1884,Mlodzynskyi2009
1885,1885,Mlodzynskyi2009
1886,1886,Mlodzynskyi2009
1887,1887,Mlodzynskyi2009
1888,1888,Mlodzynskyi2009
1889,1889,Mlodzynskyi2009
1890,1890,Mlodzynskyi2009
1891,1891,Mlodzynskyi2009
1892,1892,Mlodzynskyi2009
1893,1893,Mlodzynskyi2009
1894,1894,Mlodzynskyi2009
1895,1895,Mlodzynskyi2009
1896,1896,Mlodzynskyi2009
1897,1897,Mlodzynskyi2009
1898,1898,Mlodzynskyi2009
1899,1899,Mlodzynskyi2009
1900,1900,Mlodzynskyi2009
1901,1901,Mlodzynskyi2009
1902,1902,Mlodzynskyi2009
1903,1903,Mlodzynskyi2009
1904,1904,Mlodzynskyi2009
1905,1905,Mlodzynskyi2009
1906,1906,Mlodzynskyi2009
1907,1907,Mlodzynskyi2009
1908,1908,Mlodzynskyi2009
1909,1909,Mlodzynskyi2009
1910,1910,Mlodzynskyi2009
1911,1911,Mlodzynskyi2009
1912,1912,Mlodzynskyi2009
1913,1913,Mlodzynskyi2009
1914,1914,Mlodzynskyi2009
1915,1915,Mlodzynskyi2009
1916,1916,Mlodzynskyi2009
1917,1917,Mlodzynskyi2009
1918,1918,Mlodzynskyi2009
1919,1919,Mlodzynskyi2009
1920,1920,Mlodzynskyi2009
1921,1921,Mlodzynskyi2009
1922,1922,Mlodzynskyi2009
1923,1923,Mlodzynskyi2009
1924,1924,Mlodzynskyi2009
1925,1925,Mlodzynskyi2009
1926,1926,Mlodzynskyi2009
1927,1927,Mlodzynskyi2009
1928,1928,Mlodzynskyi2009
1929,1929,Mlodzynskyi2009
1930,1930,Mlodzynskyi2009
1931,1931,Mlodzynskyi2009
1932,1932,Mlodzynskyi2009
1933,1933,Mlodzynskyi2009
1934,1934,Mlodzynskyi2009
1935,1935,Mlodzynskyi2009
1936,1936,Mlodzynskyi2009
1937,1937,Mlodzynskyi2009
1938,1938,Mlodzynskyi2009
1939,1939,Mlodzynskyi2009
1940,1940,Mlodzynskyi2009
1941,1941,Mlodzynskyi2009
1942,1942,Mlodzynskyi2009
1943,1943,Mlodzynskyi2009
1944,1944,Mlodzynskyi2009
1945,1945,Mlodzynskyi2009
1946,1946,Mlodzynskyi2009
1947,1947,Mlodzynskyi2009
1948,1948,Mlodzynskyi2009
1949,1949,Mlodzynskyi2009
1950,1950,Mlodzynskyi2009
1951,1951,Mlodzynskyi2009
1952,1952,Mlodzynskyi2009
1953,1953,Mlodzynskyi2009
1954,1954,Mlodzynskyi2009
1955,1955,Mlodzynskyi2009
1956,1956,Mlodzynskyi2009
1957,1957,Mlodzynskyi2009
1958,1958,Mlodzynskyi2009
1959,1959,Mlodzynskyi2009
1960,1960,Mlodzynskyi2009
1961,1961,Mlodzynskyi2009
1962,1962,Mlodzynskyi2009
1963,1963,Mlodzynskyi2009
1964,1964,Mlodzynskyi2009
1965,1965,Mlodzynskyi2009
1966,1966,Mlodzynskyi2009
1967,1967,Mlodzynskyi2009
1968,1968,Mlodzynskyi2009
1969,1969,Mlodzynskyi2009
1970,1970,Mlodzynskyi2009
1971,1971,Mlodzynskyi2009
1972,1972,Mlodzynskyi2009
1973,1973,Mlodzynskyi2009
1974,1974,Mlodzynskyi2009
1975,1975,Mlodzynskyi2009
1976,1976,Mlodzynskyi2009
1977,1977,Mlodzynskyi2009
1978,1978,Mlodzynskyi2009
1979,1979,Mlodzynskyi2009
1980,1980,Mlodzynskyi2009
1981,1981,Mlodzynskyi2009
1982,1982,Mlodzynskyi2009
1983,1983,Mlodzynskyi2009
1984,1984,Mlodzynskyi2009
1985,1985,Mlodzynskyi2009
1986,1986,Mlodzynskyi2009
1987,1987,Mlodzynskyi2009
1988,1988,Mlodzynskyi2009
1989,1989,Mlodzynskyi2009
1990,1990,Mlodzynskyi2009
1991,1991,Mlodzynskyi2009
1992,1992,Mlodzynskyi2009
1993,1993,Mlodzynskyi2009
1994,1994,Mlodzynskyi2009
1995,1995,Mlodzynskyi2009
1996,1996,Mlodzynskyi2009
1997,1997,Mlodzynskyi2009
1998,1998,Mlodzynskyi2009
1999,1999,Mlodzynskyi2009
2000,2000,Mlodzynskyi2009
2001,2001,Mlodzynskyi2009
2002,2002,Mlodzynskyi2009
2003,2003,Mlodzynskyi2009
2004,2004,Mlodzynskyi2009
2005,2005,Mlodzynskyi2009
2006,2006,Mlodzynskyi2009
2007,2007,Mlodzynskyi2009
2008,2008,Mlodzynskyi2009
2009,2009,Mlodzynskyi2009
2010,2010,Mlodzynskyi2009
2011,2011,Mlodzynskyi2009
2012,2012,Mlodzynskyi2009
2013,2013,Mlodzynskyi2009
2014,2014,Mlodzynskyi2009
2015,2015,Mlodzynskyi2009
2016,2016,Mlodzynskyi2009
2017,2017,Mlodzynskyi2009
2018,2018,Mlodzynskyi2009
2019,2019,Mlodzynskyi2009
2020,2020,Mlodzynskyi2009
2021,2021,Mlodzynskyi2009
2022,2022,Mlodzynskyi2009
2023,2023,Mlodzynskyi2009
2024,2024,Mlodzynskyi2009
2025,2025,Mlodzynskyi2009
2026,2026,Mlodzynskyi2009
2027,2027,Mlodzynskyi2009
2028,2028,Mlodzynskyi2009
2029,2029,Mlodzynskyi2009
2030,2030,Mlodzynskyi2009
2031,2031,Mlodzynskyi2009
2032,2032,Mlodzynskyi2009
2033,2033,Mlodzynskyi2009
2034,2034,Mlodzynskyi2009
2035,2035,Mlodzynskyi2009
2036,2036,Mlodzynskyi2009
2037,2037,Mlodzynskyi2009
2038,2038,Mlodzynskyi2009
2039,2039,Mlodzynskyi2009
2040,2040,Mlodzynskyi2009
2041,2041,Mlodzynskyi2009
2042,2042,Mlodzynskyi2009
2043,2043,Mlodzynskyi2009
2044,2044,Mlodzynskyi2009
2045,2045,Mlodzynskyi2009
2046,2046,Mlodzynskyi2009
2047,2047,Mlodzynskyi2009
2048,2048,Mlodzynskyi2009
2049,2049,Mlodzynskyi2009
2050,2050,Mlodzynskyi2009
2051,2051,Mlodzynskyi2009
2052,2052,Mlodzynskyi2009
2053,2053,Mlodzynskyi2009
2054,2054,Mlodzynskyi2009
2055,2055,Mlodzynskyi2009
2056,2056,Mlodzynskyi2009
2057,2057,Mlodzynskyi2009
2058,2058,Mlodzynskyi2009
2059,2059,Mlodzynskyi2009
2060,2060,Mlodzynskyi2009
2061,2061,Mlodzynskyi2009
2062,2062,Mlodzynskyi2009
2063,2063,Mlodzynskyi2009
2064,2064,Mlodzynskyi2009
2065,2065,Mlodzynskyi2009
2066,2066,Mlodzynskyi2009
2067,2067,Mlodzynskyi2009
2068,2068,Mlodzynskyi2009
2069,2069,Mlodzynskyi2009
2070,2070,Mlodzynskyi2009
2071,2071,Mlodzynskyi2009
2072,2072,Mlodzynskyi2009
2073,2073,Mlodzynskyi2009
2074,2074,Mlodzynskyi2009
2075,2075,Mlodzynskyi2009
2076,2076,Mlodzynskyi2009
2077,2077,Mlodzynskyi2009
2078,2078,Mlodzynskyi2009
2079,2079,Mlodzynskyi2009
2080,2080,Mlodzynskyi2009
2081,2081,Mlodzynskyi2009
2082,2082,Mlodzynskyi2009
2083,2083,Mlodzynskyi2009
2084,2084,Mlodzynskyi2009
2085,2085,Mlodzynskyi2009
2086,2086,Mlodzynskyi2009
2087,2087,Mlodzynskyi2009
2088,2088,Mlodzynskyi2009
2089,2089,Mlodzynskyi2009
2090,2090,Mlodzynskyi2009
2091,2091,Mlodzynskyi2009
2092,2092,Mlodzynskyi2009
2093,2093,Mlodzynskyi2009
2094,2094,Mlodzynskyi2009
2095,2095,Mlodzynskyi2009
2096,2096,Mlodzynskyi2009
2097,2097,Mlodzynskyi2009
2098,2098,Mlodzynskyi2009
2099,2099,Mlodzynskyi2009
2100,2100,Mlodzynskyi2009
2101,2101,Mlodzynskyi2009
2102,2102,Mlodzynskyi2009
2103,2103,Mlodzynskyi2009
2104,2104,Mlodzynskyi2009
2105,2105,Mlodzynskyi2009
2106,2106,Mlodzynskyi2009
2107,2107,Mlodzynskyi2009
2108,2108,Mlodzynskyi2009
2109,2109,Mlodzynskyi2009
2110,2110,Mlodzynskyi2009
2111,2111,Mlodzynskyi2009
2112,2112,Mlodzynskyi2009
2113,2113,Mlodzynskyi2009
2114,2114,Mlodzynskyi2009
2115,2115,Mlodzynskyi2009
2116,2116,Mlodzynskyi2009
2117,2117,Mlodzynskyi2009
2118,2118,Mlodzynskyi2009
2119,2119,Mlodzynskyi2009
2120,2120,Mlodzynskyi2009
2121,2121,Mlodzynskyi2009
2122,2122,Mlodzynskyi2009
2123,2123,Mlodzynskyi2009
2124,2124,Mlodzynskyi2009
2125,2125,Mlodzynskyi2009
2126,2126,Mlodzynskyi2009
2127,2127,Mlodzynskyi2009
2128,2128,Mlodzynskyi2009
2129,2129,Mlodzynskyi2009
2130,2130,Mlodzynskyi2009
2131,2131,Mlodzynskyi2009
2132,2132,Mlodzynskyi2009
2133,2133,Mlodzynskyi2009
2134,2134,Mlodzynskyi2009
2135,2135,Mlodzynskyi2009
2136,2136,Mlodzynskyi2009
2137,2137,Mlodzynskyi2009
2138,2138,Mlodzynskyi2009
2139,2139,Mlodzynskyi2009
2140,2140,Mlodzynskyi2009
2141,2141,Mlodzynskyi2009
2142,2142,Mlodzynskyi2009
2143,2143,Mlodzynskyi2009
2144,2144,Mlodzynskyi2009
2145,2145,Mlodzynskyi2009
2146,2146,Mlodzynskyi2009
2147,2147,Mlodzynskyi2009
2148,2148,Mlodzynskyi2009
2149,2149,Mlodzynskyi2009
2150,2150,Mlodzynskyi2009
2151,2151,Mlodzynskyi2009
2152,2152,Mlodzynskyi2009
2153,2153,Mlodzynskyi2009
2154,2154,Mlodzynskyi2009
2155,2155,Mlodzynskyi2009
2156,2156,Mlodzynskyi2009
2157,2157,Mlodzynskyi2009
2158,2158,Mlodzynskyi2009
2159,2159,Mlodzynskyi2009
2160,2160,Mlodzynskyi2009
2161,2161,Mlodzynskyi2009
2162,2162,Mlodzynskyi2009
2163,2163,Mlodzynskyi2009
2164,2164,Mlodzynskyi2009
2165,2165,Mlodzynskyi2009
2166,2166,Mlodzynskyi2009
2167,2167,Mlodzynskyi2009
2168,2168,Mlodzynskyi2009
2169,2169,Mlodzynskyi2009
2170,2170,Mlodzynskyi2009
2171,2171,Mlodzynskyi2009
2172,2172,Mlodzynskyi2009
2173,2173,Mlodzynskyi2009
2174,2174,Mlodzynskyi2009
2175,2175,Mlodzynskyi2009
2176,2176,Mlodzynskyi2009
2177,2177,Mlodzynskyi2009
2178,2178,Mlodzynskyi2009
2179,2179,Mlodzynskyi2009
2180,2180,Mlodzynskyi2009
2181,2181,Mlodzynskyi2009
2182,2182,Mlodzynskyi2009
2183,2183,Mlodzynskyi2009
2184,2184,Mlodzynskyi2009
2185,2185,Mlodzynskyi2009
2186,2186,Mlodzynskyi2009
2187,2187,Mlodzynskyi2009
2188,2188,Mlodzynskyi2009
2189,2189,Mlodzynskyi2009
2190,2190,Mlodzynskyi2009
2191,2191,Mlodzynskyi2009
2192,2192,Mlodzynskyi2009
2193,2193,Mlodzynskyi2009
2194,2194,Mlodzynskyi2009
2195,2195,Mlodzynskyi2009
2196,2196,Mlodzynskyi2009
2197,2197,Mlodzynskyi2009
2198,2198,Mlodzynskyi2009
2199,2199,Mlodzynskyi2009
2200,2200,Mlodzynskyi2009
2201,2201,Mlodzynskyi2009
2202,2202,Mlodzynskyi2009
2203,2203,Mlodzynskyi2009
2204,2204,Mlodzynskyi2009
2205,2205,Mlodzynskyi2009
2206,2206,Mlodzynskyi2009
2207,2207,Mlodzynskyi2009
2208,2208,Mlodzynskyi2009
2209,2209,Mlodzynskyi2009
2210,2210,Mlodzynskyi2009
2211,2211,Mlodzynskyi2009
2212,2212,Mlodzynskyi2009
2213,2213,Mlodzynskyi2009
2214,2214,Mlodzynskyi2009
2215,2215,Mlodzynskyi2009
2216,2216,Mlodzynskyi2009
2217,2217,Mlodzynskyi2009
2218,2218,Mlodzynskyi2009
2219,2219,Mlodzynskyi2009
2220,2220,Mlodzynskyi2009
2221,2221,Mlodzynskyi2009
2222,2222,Mlodzynskyi2009
2223,2223,Mlodzynskyi2009
2224,2224,Mlodzynskyi2009
2225,2225,Mlodzynskyi2009
2226,2226,Mlodzynskyi2009
2227,2227,Mlodzynskyi2009
2228,2228,Mlodzynskyi2009
2229,2229,Mlodzynskyi2009
2230,2230,Mlodzynskyi2009
2231,2231,Mlodzynskyi2009
2232,2232,Mlodzynskyi2009
2233,2233,Mlodzynskyi2009
2234,2234,Mlodzynskyi2009
2235,2235,Mlodzynskyi2009
2236,2236,Mlodzynskyi2009
2237,2237,Mlodzynskyi2009
2238,2238,Mlodzynskyi2009
2239,2239,Mlodzynskyi2009
2240,2240,Mlodzynskyi2009
2241,2241,Mlodzynskyi2009
2242,2242,Mlodzynskyi2009
2243,2243,Mlodzynskyi2009
2244,2244,Mlodzynskyi2009
2245,2245,Mlodzynskyi2009
2246,2246,Mlodzynskyi2009
2247,2247,Mlodzynskyi2009
2248,2248,Mlodzynskyi2009
2249,2249,Mlodzynskyi2009
2250,2250,Mlodzynskyi2009
2251,2251,Mlodzynskyi2009
2252,2252,Mlodzynskyi2009
2253,2253,Mlodzynskyi2009
2254,2254,Mlodzynskyi2009
2255,2255,Mlodzynskyi2009
2256,2256,Mlodzynskyi2009
2257,2257,Mlodzynskyi2009
2258,2258,Mlodzynskyi2009
2259,2259,Mlodzynskyi2009
2260,2260,Mlodzynskyi2009
2261,2261,Mlodzynskyi2009