id,text
1,"Аби болото, а жаби будуть"
2,Аби душа сита та тіло не наго
3,Аби кінці з кінцями позводить
4,Аби пень через колоду
5,Аби пшоно – каша буде
6,"Аби хліб, а зуби найдуться"
7,"Або вішайте, або пускайте"
8,"Або пан, або пропав"
9,"Або рибку ззісти, або на дно сісти"
10,"Адам ззів кисличку, а у нас оскома на губах"
11,Аж за шкуру снігом сипнуло
12,Аж очі йому рогом лізуть
13,Аж сорочка пополотніла
14,Аж у животі похолонуло
15,"Аж, шкура труситься (болить)"
16,Але ж дався він у знаки
17,Амінь тобі буде
18,Ані лялечки не видно
19,"Ані нам, ані вам"
20,"Ані я в’ївся, ані я впився"
21,"Ану, ноги на плечі – та й чухрай"
22,Баба з воза – велика зрада: на возі легше – кобила рада
23,Баба з воза – кобилі легше
24,Бабина гривня – всім людям дивна
25,Багатий на лати та на дрібні сльози
26,"Багатий – маю дві стодолі: в одній мак, а в другій так"
27,"Багатий, як циган на блохи"
28,Багато води до моря уплине
29,"Багатого і серп голить, а убогого й бритва не хоче"
30,Багатому й чорт гроші носить
31,Багатому й чорт яйце несе
32,"Багатому чорт діти колише, а убогий і няньки не знайде"
33,"Багато, як трави"
34,"Багацько, як у голомозого чуприни"
35,"Ба, коли б то сліпий очі мав!"
36,"Бас гуде, скрипка грає, – Іван мовчить, та все знає"
37,Батьків хліб не навчить
38,Батога з піску не уплетеш
39,"Бачив і горох, і сочавицю"
40,"Бачили очі, що купували – їжте, хоч повилазьте"
41,"Бачить корова, що на повітці солома"
42,"Бачить під лісом, а не бачить під носом"
43,"Бачить, що в хижу, та дверей не знайде"
44,"Бачиш, не бачиш, а не бреши"
45,Без божої волі й волос з голови не спаде
46,Без Гриця і вода не освятиться
47,Без мастила нема діла
48,Без мила в душу лізе
49,Без мила голить
50,Без ножа ріже
51,Без огню пече
52,Без попа не розбереш
53,Без причини і смерти не буде
54,"Без хазяїна й двір плаче, а без хазяйки й хата"
55,Без хазяїна чужі руки – кочерга
56,Берега пустився
57,Береженого й бог береже (а небереженого й чорт не стереже)
58,"Бережи вуха, щоб не вкусила муха"
59,"Береться, наче не своїми руками"
60,"Бесіди багато, а розуму мало"
61,Б’ється сірою собакою – нічого не вдіє
62,"Била Хима Євдокима, пішла позивати, присудили Євдокиму ще Хими прохати"
63,Битому собаці кия не показуй
64,Біда біді на слободі
65,Біда біду гонить
66,"Біда біду перебуде – одна згине, десять буде"
67,"Біда за біду чіпляється, – як у ланцюзі кільце за кільце"
68,"Біда не дуда: як стане дуть, то аж сльози йдуть"
69,"Біда, та й за біду зачепилася"
70,"Біди ні продати, ні проміняти – й грім біди не заб’є"
71,"Бідному Савці нема долі ні на печі, ні на лавці: на печі печуть, а на лавці січуть"
72,Бідою біді не поможеш
73,"Біжить, мов з шибениці зірвався"
74,"Більше в нього розуму в п’яті, як у тебе в голові"
75,"Більше громада, як одна баба"
76,Більше разу не вмреш
77,"Більший чоловік громада, як пан"
78,"Більш будеш знати, менш будеш спати"
79,"Більш роби, та менш говори"
80,Біс та його діти панують в світі
81,Близько лікоть – та не вкусиш
82,"Блудливий, як лис, а харапудний, як заєць"
83,Бо благоденствує
84,"Бога взивай, а руки прикладай"
85,"Бог дав, бог і взяв"
86,"Богу молись, а до берега гребись"
87,"Богу молись, а сам стережись"
88,"Бог усе дає, як сам знає"
89,"Бог як схоче, то із грязи поставить у князі"
90,"Бодай тебе той знав був, що трясе очеретами"
91,"Боже поможи, а сам не лежи"
92,"Боїться, як чорт ладану"
93,"Болить бік дев’ятий рік, та не знаю, в котрім місці"
94,"Борода виросла, та ума не винесла"
95,"Борода до пояса, а розуму ні волоса"
96,"Борщ без каші удівець, а каша без борща – удова"
97,Борщ та каша – добрая паша
98,"Боятися попа, то у вівтар не йти"
99,"Брат братом, сват сватом, – а гроші не рідня"
100,"Брат мій, а хліб їж свій"
101,Брехали твого батька діти
102,Брехливу собаку дальше чути
103,Брехнею не виберешся
104,Брехнею недалеко зайдеш
105,Брехня покажеться
106,"Бреше, як шовком шиє"
107,"Був волом, та став козлом"
108,"Був кінь, та з’їздивсь"
109,"Був колись оріх, а тепер свистун"
110,"Був колись хазяїн, а тепер бовкуном ходить"
111,"Був мед, та гості попили"
112,"Був у Римі, та й папи не бачив"
113,"Бугай реве і ведмідь реве – хто кого дере, і чорт не розбере"
114,"Буде він тямив, доки буде жив"
115,"Буде добре, як мине зле"
116,Буде знати сьому масляну
117,"Буде знать, по чім в Тростянці гребінці"
118,Буде й на нашому тижню свято
119,Буде ще й батька женить
120,Будь мудрий: натягай маленьку латку на велику дірку
121,"Була б шия, а хомут буде"
122,"Були і в кози роги, та притерті"
123,"Були коралі, та пішли далі, були перли, та ся стерли"
124,Було та загуло
125,"Буряк не дурак: на дорозі не росте, а все в огороді"
126,"Б’юся, як риба об лід"
127,Б’ють і плакать не дають
128,"Валяється, як почка (нірка) в салі"
129,В болоті не без чорта
130,В гурті й куліш з кашею їсться
131,Вдар (товкни) у стіл – ножиці обізвуться
132,"Ведмідь який, а й то кільце в губу вправляють"
133,"Велика хмара, та малий дощ"
134,Велике дерево поволі росте
135,Велике диво – опеньки!
136,"Великий дуб, та дуплинастий"
137,"Великий дуб, та дуплинастий, порохнею напхатий"
138,"Великий рот у вола, а говорити не може"
139,Великий світ та нема де дітись
140,"Великий, як ломака, а дурний, як собака"
141,"Великий, як світ, а дурний, як кіт"
142,Великої кошари свиня
143,Великому велика й яма
144,Велик пень та дурень
145,"Величається, мов куций бик у череді"
146,"Величається, мов сучка в човні"
147,"Величається, як заєць хвостом"
148,"Величається, як чумацька воша"
149,"Вертиться, як муха в окропі"
150,"Вертиться, як оюн в ополонці"
151,"Вертиться, як сорока на тину"
152,Весна раз красна
153,"Вечір думає, а ранок ýмає"
154,"Взявся під боки, та й думає, що пан"
155,"Взяв чорт батіг, нехай бере і пужално"
156,"Взяв чорт корову, нехай бере й теля"
157,Вивести на сухеньке
158,"Видів бог, що не дав свині рог"
159,"Видко, що на роду так написано"
160,"Видно, де дно"
161,"Видно й хати, та далеко чухрати"
162,Видно між ложками ополоник
163,Видно пана по походу
164,Видно пана по халявах
165,Видно сучку в ретязі
166,"Видно, та не під пеньком губка"
167,"Видно, що Ганна млинці пекла – аж ворота в тісті"
168,"Видно, що жак – такий на нім знак"
169,"Видно, яка удаль"
170,"Вийде, ляше, на наше"
171,"Вийде наверх, як олива на воді"
172,"Вила гострі, а їден кінець мають"
173,Виливали воду й дитину вивернули
174,"Вилились, як з воска, в матір"
175,Винного двома батогами не б’ють
176,"Вирвався, як заєць з конопель"
177,"Вирвався, як Пилип з конопель"
178,"Вискочив, як голий з маку"
179,"Високий до неба, а дурний, як треба"
180,"Високий, як дуб, а дурний, як пень"
181,"Високий, як тополя, а дурний, як квасоля"
182,"Високо літає, та низько сідає"
183,"Витріщив очі, як козел на нові ворота"
184,Вище лоба очі не ходять
185,"Від диму закоптишся, від води замочишся, а часом і зовсім утопишся"
186,"Від огню біжу, а в воду скачу"
187,Від смерти і в печі не замажешся
188,"Віз ламається – чумак ума набирається, а як віл пристає – то ума не стає"
189,Війна посеред гайна
190,"Вік живи, та дурнем умри"
191,"Вік наш, як година"
192,Вік не вилами перепхати
193,Вік один – другого не буде
194,Вік прожить – не поле перейти
195,"Він коня шукає, а кінь його"
196,"Він мене знає, як чоботи на своїх ногах"
197,Він пан своєму слову
198,Він сам собі руку січе
199,"Він так боїться, як заєць бубна"
200,"Він такий на його добрий, що в ложці води утопив би"
201,Віра й гори зсуває
202,"Вітер віє, собака бреше"
203,Вітер свище в голові
204,"Віщував календар, та в помийницю впав"
205,Вліз межи молот і ковадло
206,В ліс дров не возять
207,"В лісі був, а дров не бачив"
208,"В лісі дрова рубають, а до села тріски падають"
209,В мутній воді рибу ловить
210,"В нас просто: борщ, каша, третя кваша (багацько не треба)"
211,"Внесе нечиста, не винесе й пречиста"
212,"Вночі всі коти бурі, а всі корови сірі"
213,Вовка боятись – в ліс не ходити
214,Вовка ноги годують
215,"Вовк не такий лихий, як страшний"
216,Вовк сливи поїв – Гапон вусом моргає
217,Вовча натура в ліс тягне
218,"В огороді бузина, а в Києві дядько"
219,Вода й камінь довбає
220,"Волос сивіє, а голова шаліє"
221,Волосся з голови рвати
222,"Вони невчені, нічого не знають, чвалаями ходять, а бісів проводять"
223,"Вони такі убогі, що землю держалном міряють, а худобу ложкою"
224,"Ворона маленька, та рот великий (... а великий кусок м’яса ковтне)"
225,Ворон ворону ока не виклюне
226,"В очах мигтить, а в голові свистить"
227,Впав у біду як курка в борщ
228,В роду не без уроду
229,"В свининці родившися, між святими не обідати"
230,"Все в оренді, брехня не в оренді"
231,"Все йде в гак, пішли на пси"
232,"Все однако – що Яким, що Яків"
233,"Все один чорт, що собака, що хорт"
234,"В старці пугою не вгнати, а з старців калачем не виманеш"
235,В степу і хрущ м’ясо
236,Всяка птичка своїм носиком живе
237,Всяк ласий на чужі ковбаси
238,Всякому своє рило мило
239,Всяк по-свойому казиться
240,"Всяк правду хвалить, та не всяк знає"
241,Всяк сам свою долю кує
242,"Вхопив, як шилом борщу"
243,Вченому й чорт яйце несе
244,"Вчепивсь, як злидні бондаря"
245,В чуже просо не тич носа
246,В чужий манастир із своїм уставом не ходи
247,В чужий черевик ноги не саджай
248,В чужій церкві не паламарюй
249,"В чужім оці й порошинку бачиш, а в своїм і бревна не примічаєш"
250,В чужу церкву з своїм уставом не носись
251,Галушкою вдавився
252,"Ганя, як чорт по болоту"
253,"Гарна дівка, як засватана"
254,"Гарні гості, та не в пору"
255,"Гірке життя, гірка доля – що ж робити, божа воля"
256,"Гіркий світ, а треба жить"
257,Гість хазяїнові не укажчик
258,"Гість, як невільник – де посадять, там і сидить"
259,Глас вопіющого в пустині
260,Гляне – молоко ки��не
261,"Гнись не гнись, а в голоблі становись"
262,"Говорить, мов блекоти об’ївся"
263,"Говорить, що слиня до губи принесе"
264,"Говорить язик безкостий, та договориться до одного кінця"
265,"Голий, аж крізь ребра видко"
266,Голий розбою не боїться
267,"Голий, як бубон"
268,"Голий, як ��олоня"
269,"Голий, як мати народила"
270,"Голий, як миша (церковна)"
271,"Голий, як палець"
272,"Голий, як пень"
273,"Голий, як турецький святий"
274,Голим задом їжака не задавиш
275,"Голова велика, а розуму мало"
276,Головою стіни не проб’єш
277,"Голоде, дай їсти"
278,"Голод і бреше, і краде"
279,Голод – не тітка
280,"Голодний, як собака (... як пес)"
281,Голодній кумі хліб на умі
282,Голодній курці просо на думці
283,Голодному хліб на думці (на гадці)
284,Голод усього навчить
285,"Гонить, як вітрів батько"
286,"Гора з горою не зійдеться (не сходиться), а чоловік з чоловіком зійдеться"
287,Горбатого могила виправить
288,"Горобець – молодець, а ластівка краще"
289,"Господар (майстер) такий кепський, як з собачого хвоста сито"
290,Готовеньке й кішка з’їсть
291,Гречана каша сама себе хвалить
292,Гріш круглий – розкотиться
293,Громада – великий чоловік
294,Грошам лиця нема
295,"Грошей багацько на світі, а щастя мало"
296,Гроші всігди хороші
297,Гроші не пахнуть
298,Гроші то й роблять біду на світі
299,"Гуляє, як риба в морі"
300,"Гуляй, дитино, покіль твоя година"
301,"Гулять, так гулять: бий, жінко, ціле яйце в борщ"
302,"Гуляй, тато, – завтра свято"
303,Гурт зробить – гурт ззість
304,"Густо дивиться, та рідко бачить"
305,Гусь свині не товариш
306,"Дав бог роток, дасть і шматок"
307,"Давно пропало, що з воза впало"
308,"Дай, боже, ноги!"
309,"Дай дурню товкач, він і вікна поб’є"
310,Далеко п’яному до Києва
311,"Далеко, як небо від землі"
312,"Далі в ліс, більше труску"
313,"Дар за дар, слово за слово"
314,Дарованим конем не їздити
315,Дарованому коневі в зуби не дивляться
316,Дасть бог і від квасу окрасу
317,"Дасть бог лихо, то дасть і розум"
318,Два коти в однім мішку не помиряться
319,Два третього не ждуть
320,Двічі літо не бува
321,"Двоє кукало, а одне полетіло"
322,"Двоє недужих сіли, та й хліб ззіли"
323,"Де багато баб, там дитя безпупе"
324,"Де багацько господинь, там хата неметена"
325,"Де багацько няньок, там дитя каліка (... без голови)"
326,"Де болить, там і торкнеш"
327,"Де борошно, там і порошно"
328,"Де верба, там і вода"
329,"Де вже нам грішним – тільки й ходу, що з мосту та в воду"
330,Де вже нашому теляті та вовка піймати
331,Де господар не ходить там нивка не родить
332,"Де грім гуде, там мокне щось"
333,"Де гріх, там і покута"
334,"Де їдять – там не пхайся, а де б’ються – звідтіль утікай"
335,"Де каша з маслом, там нас немає"
336,"Де коротко, там і рветься"
337,"Де літував, там було й зимувати"
338,"Де люди, там і лихо"
339,"Де можна лантух, там торби не треба"
340,"Де не горить, там ся не курить"
341,"Де незгода, там часто шкода"
342,"Де не можна перескочити, то треба перелізти"
343,"Де не стає вовчої шкури, настав лиса"
344,"День біжить, а три дні лежить"
345,День і ніч – сутки пріч
346,День мій – вік мій
347,"Де оком не доглянеш, там калиткою доплатиш"
348,"Де пси свої гризуться, там чужий не мішайся"
349,"Де п’ють, там без шкоди не бува, аби здорова наша голова"
350,"Де п’ють,  там і ллють"
351,Дере з живого й мертвого
352,Держи копієчку про чорний день
353,"Держиться, як вош кожуха"
354,"Дере голову, як попова кобила"
355,Дереться на стійку
356,"Де Рим, де Крим, а де попова груша"
357,"Де робить купа, не болить біля пупа"
358,"Десь которий добре христив, що так далеко звертає"
359,Десята шкура на киселі
360,"Де той у бога Великдень, а він вже з крашанками"
361,Дешевої рибки і юха дешева
362,"Дивись: пан, а балакає, як люди"
363,"Дивиться лисицею, а думає вовком"
364,"Дивиться, як собака на висівки"
365,"Дивиться, як теля на нові ворота"
366,"Дивиться, як чорт на попа"
367,"Диво не диво, що кобила здохла, але хто дав псам знати, що ззіли її"
368,"Диво не решето: багацько дірок, та нікуди вилізати"
369,Димом (догори) пішло
370,Дим стовпами
371,"Дід твій дриґа: піймав жабу, та й каже риба"
372,"Діждемо тої години, що будуть по шелягу дині"
373,"Дізнаєшся, по чім ківш лиха"
374,"Дізнатися, що в печі є"
375,Дістанеться на горіхи (на кабачки)
376,Діти батька не вчать
377,Для милого друга й вола з плуга
378,Для приятеля нового не пускайся старого
379,"Дми, дми, не к Різдву, а к Великодню!"
380,"Дмись, не дмись, а волом не будеш"
381,"До бога високо, до царя далеко, а ті панки що хтять, то й роблять"
382,"Добравсь, як вовк до кошари"
383,"Добра, як з курки молока, а з верби петрушки"
384,"Добре вогонь горить, як є чим підпалити"
385,Добре все по мірі
386,"Добре говорить, а зле творить"
387,"Добре добувши, кращого не шукай"
388,Добре начало – половина діла
389,"Добре співає, та низько сідає"
390,"Добре сулиш, та не гарно міриш"
391,"Добре тому, хто вдвох"
392,"Добре чорту в дудку грати, сидячи в очереті: одну зломить, другу виріже"
393,Добрий та на доброго наскочив: один другому не видасть
394,"Добрий товар пояси: що продаси, то й поїси"
395,Добрі очі все перелупають
396,Доброму вору все впору
397,"Добувся, як швед під Полтавою"
398,"Довго ходила, мертва родила"
399,Довелося свині неба побачити
400,Довелося яйцям кури вчить
401,"Догоджає, як чирякові на роті"
402,"Діждалася Великодня, та не їсти яєць"
403,"Діждусь і я тії години, що будуть по шагу дині"
404,Дожився до самого краю
405,"Дозволь собаці лапу на стіл, то він і цілий втеребиться"
406,До камня зруйнувати
407,"Доки не намучиться, доти не научиться"
408,Доки не поберуться – любляться: а як поберуться – судяться
409,Доки сонце зійде – роса очі виїсть
410,Докотив до самого краю
411,"Дома лев, а на війні тхір"
412,До нашого берега ніщо добре не припливе
413,До несхочу їж
414,"До обід ложка, а після обід не треба"
415,"Допавсь, як муха до меду"
416,Допекла гірш од сирої кваші
417,"Дорогі гості, та в середу трапились"
418,Дорога ложка до обіда
419,Дороге яєчко к Великодню
420,Дорогий шаг до сповіддя
421,До свого роду хоч через воду
422,До смерти учиться чоловік
423,До схочу їж
424,До цурки побити
425,Дочекався чортової мами
426,Дочку мати хвалила – поки з рук звалила
427,"До чого бик привик удень, того реве й уночі"
428,Др...вая корова все стадо об...ще
429,Дурень думкою багатіє
430,Дурень нічим ся не журить: горілку п’є і люльку курить
431,Дурна мати – дурні діти
432,Дурневі бог щастя дає
433,Дурне сало
434,"Дурний, як турецький кінь"
435,"Дурний, аж гуде"
436,"Дурний, аж крутиться"
437,"Дурний, аж очі йому рогом лізуть"
438,"Дурний, аж світиться"
439,"Дурний, як баран"
440,"Дурний, як сало"
441,"Дурний, як сосновий пень"
442,"Дурний, як чобіт"
443,"Дурнів не сіють, не орють, а сами родяться"
444,Дурніший од попа
445,"Дурному гори немає, а все низ"
446,"Дурному бог дасть щастя, та не дасть розуму"
447,Дурному море по коліна
448,Дурням закон не писаний
449,"Е, вже на мене зуби гострять"
450,"Еге, ця на обидві кована"
451,"Еге, як би то так!"
452,"Е, якби, та якби, та виросли на голові гриби, то був би огород"
453,"Є в глеку молоко, та голова не влізе"
454,"Є в глеку молоко, та голова не влізе (.	розбить та в корито налить – можна без ложки наїстись)"
455,"Єдині руки право пишуть, а єдині і мажуть"
456,Єдин цвіт не робить вінка
457,Єдна ластівка не робить весни
458,"Є каяття, та нема воріття"
459,"Є ложка, та в мисці нема"
460,"Є сало, та не для кота"
461,"Є сало, та не можна дістати: високо висить"
462,"Жалкує за вчорашнім днем, що добрий був"
463,"Жахається, як чорт хреста"
464,"Ждала, ждала, та й годі сказала"
465,"Ждали, ждали, та й жданики поїли"
466,"Ждали, ждали, та й ждання погубили"
467,"Жде, як віл обуха"
468,"Жди, море, погоди"
469,"Живемо, як горох при дорозі: хто не йде, той і скубне"
470,"Живе так, як сорока на тину, хто йде – сполохне"
471,"Живеш, як у решеті: відки вітер подме, то повні хати"
472,"Живись, та під себе дивись"
473,"Живіт товстий, а лоб пустий"
474,"Живуть, як кішка з собакою"
475,"Жиє, не жиє – паскудить своїм світом"
476,"Жили-жили, та чорт зна, де ділися"
477,"Життя їм, як у христа за пазухою"
478,"Життя наше, як павутиння"
479,Життя провадить собаче
480,"Життя, як собаці на перелазі"
481,Жить – не вола кормить
482,"Жінки довге волосся мають, а розум короткий"
483,За багачем сам чорт з калачем
484,"Забажалось, мов перед смертю"
485,Забажалося в Петрівку мерзлого
486,Забажав печеної криги
487,"Забий діру, собака не полізе"
488,"За більшим поженись,  та й того рішись"
489,Заблукав межи хатою й коморою
490,"Забравсь у чужу солому, та ще й шелестить"
491,"Забула, що недужа, та в солому спать пішла"
492,"Заварив кашу, так і їж"
493,За великим носом нічого не бачить
494,"Завзяте, як панське щеня"
495,"Завидно, що в когось видно"
496,"За все гаразд, за все добре, що жінка маленька; він поб’є й полає – вона веселиться"
497,За водою пішло
498,За вухо на сухе
499,"Загадай дурному богу молиться, – він і голову розіб’є"
500,"Загинув, як руда миша"
501,"Загоїться, поки весілля скоїться"
502,"За гоню блоху б’є, а під носом ведмідь реве"
503,За дев’ятими ворітьми гавкнеш
504,Задніх не пасе
505,"Задумався, як собака в човні"
506,За дурною головою і ногам нема покою
507,За злиднями (через злидні) й світа не бачить
508,За кавалок кишки сім миль пішки
509,"Закон, як помийниця, що в нього налий, тим і смердітиме"
510,"Заліз, як муха в патоку"
511,"Заманулось, як серед зими криги"
512,"Замішався, як полоник межи ложками"
513,Замкнув вовка межи вівці
514,За моє жито (та) мене (ж) і бито
515,"За морем вовк три гроші, та руб перевозу"
516,"За морем телушка полушка, та перевіз дорог"
517,"Замотати, зав’язати, та нікому не казати"
518,За невміння деруть реміння
519,"За нужди козак жениться, по неволі дівка заміж іде"
520,Занюхала ковбасу в борщі
521,За онучу збивати бучу
522,Запас біди не чинить
523,Запас у гузно не коле
524,За початком діло становиться
525,"Заправив, та й не взяв"
526,За признання бог прощає
527,"Зараз не вішають, а поперед розсудять"
528,"Зарікалась свиня кізяк їсти, коли біжить, аж троє лежить, – вона всі троє і ззіла"
529,Заробив на сіль до оселедця
530,За сім миль киселю їсти
531,Заставили чоловіка моркву стругати
532,"Застукали, як Головка в базарі"
533,"Заступи природу дверима, то вона тобі вікном"
534,"Затвердила ворона Якова, та все одно про всякого"
535,За хорошим хазяїном і свинка – господинка
536,"Захотів пишно, аби затишно"
537,Захотіла муха злого духа
538,За цапа в них в отарі
539,"За царя Томка, як була земля тонка – пальцем проб’єш і води напийся"
540,Заціпило йому язик
541,Зачиняються ��арські врата для нашого брата
542,За шкуру сала заливає
543,За що боролися?
544,"За що купив, за те й продаю"
545,"За що мене господь карає: чи я уплів, чи я убрів, чи в середу кобилу ззів"
546,З багна хліба не спечеш
547,"З брехні не мруть, а більше віри не ймуть"
548,"З вас ремінь деруть, а з їх, бувало, і лій топили"
549,З гармати горобців бити
550,"Згинеш, як руда миша"
551,"Згинув, як марцевий сніг"
552,Згляньтеся
553,"Згода дім будує, а незгода руйнує"
554,"З голого, як з святого, не візьмеш нічого"
555,"Згоріла хижка, згоріла книжка – нічим ворожить"
556,"Здається, й мала пташка, та кігті гострі"
557,З доброго плота добрий кіл
558,Здоров’я – всьому голова
559,З дощу та під ринву
560,З дурнем і в ступі не справишся
561,З дурнем пива не звариш
562,З-за плечей бере
563,"Зійде, як вода з гуски"
564,"Зійшов ні в честь, ні в славу"
565,Зійшовся Яким з таким
566,З клопоту болить голова
567,З клопоту великого подуріли
568,З краси не пити води
569,З ледачого (лихого) вовка хоч шерсти клок
570,Злиднями очі не колють
571,Зловив зайця за хвіст
572,Зловив куцого за хвіст
573,Злодій злодія зараз пізнає
574,Злодій на злодію їде й злодієм поганяє
575,"Злякався, аж у п’яти закололо"
576,З малої хмари великий дощ буває
577,"Змилувався бог над раком, та в заду очі дав"
578,Знав кінь – нащо голоблі бив
579,"Зна, де вовк, а де лисиця"
580,"Знає, де раки зимують"
581,"Знає кіт, чиє сало ззів"
582,"Знає свиня, що (де) морква"
583,"Знаєш ти багато, уночі родившись, та ще й в погребі"
584,Знаєш ти в гарбузі смак
585,Знаєш ти за кобилячу голову
586,Знаєш ти свого батька лисого
587,"Знаєш ти свого батька, який був на шерсть"
588,"Знає, що в людей в горшках кипить"
589,"Знай, кобила, де брикати"
590,"Знайко біжить, а незнайко лежить"
591,"Знай, коза, своє стійло"
592,Знай та гадай – мудрому досить. Цить та диш!
593,"Знайте нас, ми кислиці – з нас квас"
594,"Знай, хто роком старший"
595,"Знала кобила, нащо віз била (щоб новий був)"
596,"Знала, нащо грала"
597,"Знатимеш, по чім ківш лиха"
598,Знатимеш ти Кузькину матір
599,"З нашого Захарка ні богу свічка, ні чортові угарка"
600,"Знають сусіди, що в багача в обіді"
601,"З неба зорі хапає (хвата), а під носом не бачить"
602,"З ним не виведе справи і той, що в болоті"
603,З одного сукна ґудзики
604,З однієї липи двічі лика не деруть
605,З одного вола двох шкур не деруть
606,Зо злої трави не буде доброго сіна
607,Золото і в попелі блищить
608,"Зорі лічить, а під носом не бачить"
609,"Зорі лічиш, а під носом не бачиш"
610,Зосталися самі вишкварки
611,З пальця не виссав
612,"З панами рідко, а з дурнями ніколи не ставай"
613,З паршивою головою та в тин лізе
614,З переляку душа аж опинилась
615,З переляку очкур луснув
616,З попелу галушки не вдаються
617,З посміху люди бувають
618,З пустого в порожнє переливає
619,З рижу не зробиш Парижу
620,"Зробив аби-як, як казав дяк"
621,Зробив людям на сміх
622,Зробив петлю на свою голову
623,"З розумним розуму наберешся, а з дурним і останній загубиш"
624,З рук паде все
625,З свинячою мордою у бубличний ряд
626,З свинячим писком та в пшеничне тісто
627,З сліпим дороги не знайдеш
628,"З сокирою не лізь туди, де пила не була"
629,З сорому очі не вилізуть
630,Зуб за зуб стялися
631,Зуби вже на цьому попроїдали
632,З хати (миру) по нитці – сироті свитина (сорочка)
633,З чорної кішки білої не зробиш
634,З чужим і посеред села розставайся
635,З чужого воза хоч серед калюжі
636,З чужого коня серед дороги злазь
637,З чужої торби хліба не жалують
638,"З нічим до млина, впорожні додому"
639,З нього вже не будуть люди
640,"З яким пристаєш, сам таким стаєш"
641,"Иноді густо, та пусто, а иноді рідко, та мітко"
642,Й в погоду часом грім ударить
643,І вві сні не снилося
644,"І вдома мене не лишай, і в поле не бери"
645,"І вже, як чужими пирогами та свого батька поминать"
646,І він колись під школою ночував
647,І волос зав’яв
648,І в світі й в білому не знайдеш
649,І в ус не дме
650,І вусом не моргне
651,І вухом не веде
652,І голова посивіє (поки діждусь)
653,"Ігумену діло, а братії зась"
654,Іде біда – відчиняй ворота
655,Іди під три чорти
656,"Іди помаленьку, доженеш і стареньку"
657,"Їж, коза, лозу, коли сіна немає"
658,"І за соломину хопиться, хто топиться"
659,"Із ворон почали, на сороки перевели"
660,Із грязи у князі
661,"Із його добра, як з козла: ні вовни, ні молока"
662,Із копійки рублі робляться
663,Ізлюдніло усе
664,Із малого манастиря мала й милостиня
665,Із-під стоячого підошву випоре
666,Із пісні слова не викидають
667,Із ради його не викидають
668,Із шкури виринає
669,І кішки в хаті нема
670,"І кози ситі, й сіно ціле"
671,І курці носом нігде клюнуть
672,І ладаном не викуриш
673,І межи капустою доброю буває багацько гнилих качанів
674,"І моя ж душа не з лопуцька, і хоче того, що і людська"
675,І моя душа не з лопуцька
676,І на миру не чути
677,"І наша губа не халява: то ся би з’їла, як і ваша"
678,"І не вгадаєш (стямишся), відкіль вітер повіє"
679,І пари з рота не пустить
680,"І пити – вмерти, і не пити – вмерти, так лучче вже пити вмерти"
681,І новина то така – бодай не чуть
682,І риба не плине проти бистрої води
683,"І сам не гам, і другому не дам"
684,І свині не їдять
685,"І сміх, і біда, і людям сором казати"
686,"І сміх, і гріх"
687,"І сном, і духом не знаю"
688,"І стид говорить, і гріх потаїть"
689,"І сюди боляче, і туди гаряче"
690,І чиряк даремно не сяде – хіба почешеш
691,"І чого б я ліз туди, куди не треба"
692,І я з зубами родився
693,І я колись під школою ночував
694,І я навчуся на сьомій дитині дівочити
695,"Їв би кіт рибу, а в воду не хоче"
696,"Їв би очима, та душа не приймає"
697,"Їв би паляниці, та зубів нема"
698,"Їдеш на один день, а хліба бери на тиждень"
699,"Їдної смерти не минеш, а другої не буде"
700,"Їж, коза, лозу, коли сіна немає"
701,"Їж, поки рот свіж, а як помреться, то все минеться"
702,"Їжте, діти, ситу – на дні патока буде"
703,"Їй кажеш овес, а вона каже гречка"
704,Їсти – аж живіт до спини тягне
705,Їсти – аж плач
706,Його і в корці не піймаєш
707,"Його й шило голить, а нас і бритва не бере"
708,"Його по смерть добре посилать, – то нажитись можна"
709,Йому все дарма
710,Йому й за вухом не свербить
711,Йому й чорт не брат
712,Йому й чорт яйця несе
713,"Йому кажи тату, а він каже кату"
714,"Йому про коня, а він про вола"
715,"Йому так треба, як мені ні"
716,Й слід пропав
717,Й слух запав
718,I хліба шматка дасть – бог
719,"Казав пан, кожух дам, та слово його тепле"
720,"Кажуть, що з лиха вмреш – отже ні!"
721,"Каплоуху хоч родзинками годуй, а все буде каплоуха"
722,Кат вас розбере
723,Кат його зна
724,"Кат зна, як робить"
725,"Каша – мати наша, а борщ – полежака: лежить дома, як собака"
726,Каші маслом не зіпсуєш
727,"Кива головою, неначе кобила в спасівку"
728,"Кидається й сірою собакою, й білою, а ради не дасть"
729,"Кидаєш словами, як пес хвостом"
730,"Кинь мене, боже, де мене не треба"
731,Кирпу гнути
732,"Кисне, як кваша"
733,Кінець – і вінець
734,Кінець діло хвалить
735,Кінці в воду ховати
736,Кінці з кінцями не стикаються
737,Кінь волові не товариш
738,Кінь коневі – не рівний
739,"Кінь з чотирма ногами, та спотикається"
740,"Кішці смішки, а мишці сльозки"
741,Клекіт орлячий з-під хмар чути
742,Клепки не достає
743,Клин клина вибиває
744,Клямка запала
745,"Коваль зогрішив, а шевця повісили"
746,"Коваль клепле, доки тепле"
747,"Коваль коня кує, а жаба й собі ногу дає"
748,"Кого біда учепиться, того тримається і руками, і ногами"
749,"Кого бог хоче покарати, то перше розум відійме"
750,"Кого гад укусив, той і глисти боїться"
751,Кожна лисиця свій хвостик хвалить
752,Кожний дідько в свою дудку грає
753,Кожен жучок своєю дорожкою тягне
754,"Кожен за себе, а бог за всіх"
755,Кожна ручка собі горне
756,Кожна ручка собі панночка
757,"Кожне стадо не без паршивої вівці, кожне село не без скурвого сина"
758,Кожний Івась за свій лас
759,"Коза з вовками тягалася: тільки паністара зосталася та ще хвіст,  та язик: простяглась та й лежить"
760,Коза з вовком тягалася : тільки шкурка зосталася
761,Козак та купра не так
762,"Коли б знаття, де упаду, то б соломки підстелив"
763,"Коли б кізка не скакала, то б і ніжки не зламала"
764,"Коли б не пліш, і чола б не було"
765,"Коли б не хлоп, не віл – не було б панів"
766,"Коли бог не попустить, то свиня не вкусить"
767,"Коли б пан за плуга взявся, то і світа б одцурався"
768,Коли б твоє слово та богові в вухо
769,Коли б чим борщ оженить (коли каші немає)
770,"Коли взявсь за гуж, не кажи, що не дуж"
771,"Коли віслюк хвисьне, у поліцію не біжать"
772,"Коли двоє кажуть „п’яний”, то лягай спати (то вже вір цьому – чого ще ти коцюбишся ? То ж не один хто сказав – громада вирекла)"
773,"Коли є хліба край, то й під вербою рай"
774,"Коли ласувать, то ласувать – бий, жінко, ціле яйце в борщ"
775,"Коли мені, сліпому, курка, то тобі, видющому, й дві"
776,"Коли на те піде, то й серед битого шляху поламається"
777,"Коли не вовк, то дикий голуб"
778,"Коли не йде, так і не везе"
779,"Коли не Кирило, то не пхай там рило"
780,"Коли не коваль, то и руки не погань"
781,"Коли нема пшона, давайте круту варить"
782,"Коли не пиріг, то й не пирожися, коли не швець, то й не берися"
783,"Коли не тямиш, то й не берися"
784,"Коли почав орати, так у сопілку не грати"
785,"Коли пропав віл, пропадай і батіг"
786,Коли рак свисне
787,Колись і в моє віконце засвітить сонце
788,"Коли сіно в стозі, то забув о бозі"
789,Колись і на нас сонечко гляне
790,"Колись і на моїм подвір’ї буде болото (худоба, а од неї гній)"
791,"Коло води ходивши, не можна, щоб не замочитись"
792,"Коло рота мичеться, та в рот не попаде"
793,"Кому Варвари, а мені голову обірвали"
794,"Кому весілля, а курці смерть"
795,"Кому й чорт діти колише, а ми й няньки не знайдемо"
796,"Кому-кому, а куцому зась"
797,"Кому кортить, тому й болить"
798,"Кому щастя, тому й півень несеться"
799,"Кому що, а курці просо"
800,Кому як на роду написано
801,Копа переможе й попа
802,"Копійка любить, щоб її рахували"
803,"Користи на два шаги, та й ті щербаті"
804,"Корову тримає, а хтось другий молоко з’їдає"
805,Коростяве порося дарма чесати
806,Кота в мішку продає
807,"Котра корова багато реве, то та молока мало дає"
808,"Коту жартушки, а мишці смертушки"
809,Катюзі по заслузі
810,"Коцюба кудкудакала, помело яйце знесло"
811,"Краще піяк, ніж дурак"
812,Кривого дерева в лісі найбільше
813,"Кричи, хоч на гору вилізь"
814,"Кріпиться, як диня на морозі"
815,Крукові й мило не поможе
816,"Крутиться, як ведмедик у млині (невеличке колесо, що ззверху пада на його вода)"
817,"Крутиться, як вуж на сковородці"
818,"Крутиться, як гайно в ополонці"
819,"Крутиться, як дзиґа"
820,"Крутиться, як посолений оюн"
821,К слову іде й прислів’я
822,"Кто робить, той ся доробить"
823,"Куди віє вітер, туди й гілля (люди) гнуться"
824,Куди вітер – туди і закон
825,"Куди кинь, туди кинь, то все голим на п’яти"
826,"Куди кінь з копитом, туди й жаба з хвостом"
827,"Куди не кинь, а наверх дірою"
828,Куди тебе чорти занесли?
829,Куди ти вбрався на стіл з постолами?
830,"Куди ти, очмано, лізеш?"
831,Куди ти сліпма лізеш?
832,"Куди тобі грішному кисіль їсти, ти і кваші не вкусиш"
833,Кулик кулика бачить здалека
834,Кулик на місці соколинім не буде птичим господином
835,"Купив би, та купила немає"
836,"Купив, та насилу втік"
837,"Купили хріну, треба з’їсти. Плачте очі, хоч повилазьте, бачили, що купували – грошам не пропадать"
838,"Купить не купив, а поторгуватись можна"
839,"Курка збіжжя розгрібає, та в сміттю зерно шукає"
840,Курка по зерну клює та й сита буває
841,"Курка що гребе, то все на себе"
842,Кусає комар до пори
843,Кучугура й три обломки
844,"Лазня в калу стоїть, та людей миє"
845,Ламаного шеляга нема (не варт)
846,Ласкаве теля дві матки ссе
847,"Ласувати так ласувати – бий, жінко, ціле яйце в борщ"
848,"Лаяла, лаяла, насилу все село перелаяла"
849,"Легко, як дурному з гори збігти"
850,"Легко, як п’яному з гори котитись"
851,"Легше правду хвалити, як по правді жити (робити)"
852,Ледачого й в церкві б’ють (нігде не минають)
853,Ледачому – ледача й смерть
854,Лежачи й камінь мохнатіє
855,Лежачого не б’ють
856,Лежачого не займай
857,"Лежить собака на стерні, – і сама не буде їсти, і другому не дасть"
858,"Легше говорити, ніж зробити"
859,"Лепечи, що хоч, аби губа не гуляла"
860,"Лижи мені губоньки, як гіркі, а як солодкі, то я й сам оближу"
861,Лиха доля й під землею надибає
862,"Лиха іскра поле спалить, а сама щезне"
863,Лиха конем не об’їхати
864,Лиха не шукай – воно само тебе знайде
865,Лихого нічого жалувати
866,Лихого справить заступ та лопата
867,Лихо приключки шукає
868,"Лихо приходить пудами, а сходить золотниками"
869,"Лихо швидко приходить, а поволі виходить"
870,Лишок – та не зав’язаний
871,"Лізе в вічі, мов оса"
872,"Лови рибку, як ловиться"
873,"Лупи, козак, яйця по цілому на день"
874,"Лучив корову, а попав ворону"
875,"Лучче б глядів свого носа, ніж чужого проса	З"
876,"Лучче живий хорунжий, ніж мертвий сотник"
877,"Лучче з розумним два рази загубити, як з дурним раз знайти"
878,"Лучче з розумним у пеклі, ніж з дурним у раю"
879,"Лучче їсти хліб з водою, ніж буханець з бідою"
880,"Лучче маленька рибка, як великий тарган"
881,"Лучче нині горобець, як завтра горобець"
882,"Лучче погано їхати, чим хороше йти"
883,"Лучче своє личко, як чужий ремінець"
884,"Лучче свої воші бити, ніж чужі гроші лічити"
885,"Лучче синиця в жмені, ніж журавель в небі"
886,"Лучче солом’яна згода, як золота звада"
887,"Лучче солом’яний дід, як золотий син"
888,"Лучче солов’я в рот, ніж журавля в год"
889,"Люби мене в чорному, а в білому чорт тебе й просить"
890,"Люби мене в середу, а в неділю, як приберуся, то, може, на тебе й не подивлюся"
891,"Любить його, мов хрін в оці"
892,"Любить солодко, та морда коротка"
893,"Любить, як собака цибулю"
894,"Любиш їздить, люби й саночки возить"
895,"Людей слухай, а свій розум май"
896,Люди посіявши та ждуть
897,"Люди собаки – вони скажуть, що й на вербі груші ростуть"
898,Люди собаки – чого не набрешуть
899,"Люди стали знати, як хліба стало не ставати"
900,"Людям сміх, а мені плач"
901,Людям язика не зав’яжеш
902,Лягай долі на своїй долі
903,"Мабуть, не буть козі на торзі, а свині на ярмарці"
904,"Мається (живе) – хто йде, то й скубне (...йде не мине)"
905,"Майстер зна, що кобилі робить"
906,Маком сів
907,"Мале щеня, та завзяте"
908,"Мал золотник, та важок"
909,"Малі тілом, та великі духом"
910,"«Мало пирогів!» – «Та їж, сучий сину, отам на печі». «Еге! Я не хочу! Я думав, що нема»"
911,Ману пускає
912,Масло каші не портить
913,"Матимеш, як рак свисне"
914,Межи двері пальця не клади
915,"Ведмедя коли вчать танцювать, то йому на сопілку грають"
916,Мельники до готової муки
917,"Мене понесли, як пана, а він побіг, як собака"
918,Мертвого з гроба не вертають
919,"Ми бідні не тим, що нічого не маємо, а тим, що нічого не знаємо"
920,Милого друга мила й пуга
921,Минулася котові масничка
922,"Ми сами з усами, тільки ніс не обріс"
923,Митець голою паністарою їжаків бить
924,Митькой поминай
925,"Між попами піп, між дяками дяк, між вовками вий по-вовчи, між свинями хрюкай по-свинячи"
926,Младенці в голові
927,"Млин меле – мука буде, язик меле – біда буде"
928,"Мовивши слово, треба бути паном"
929,"Мовчи, бо я тебе на кабаку зітру"
930,"Мовчи та диш, не кажи, що спиш"
931,"Мовчи сяка, бо й ти така"
932,"Мовчить, наче води набрав у рот"
933,"Мовчить, як сорока в гостях"
934,"Мовчить, як стіна"
935,"Мовчок: розбив тато горщок, а мати й два, та ніхто не зна"
936,"Моє щастя таке, як тої курки, що качата водить"
937,"Може, воно колись і правда була, та тепер за брехню править"
938,"Молоде – золоте, а старе – гниле"
939,"Молоде орля, та вище старого літає"
940,"Молодець, як печений горобець"
941,Моркву скребе
942,Моя хата з краю – нічого не знаю
943,Мудрий лях по шкоді
944,"Мужик з печи спав, ніхто його не спихав"
945,"Мужича правда колюча, а панська на всі боки гнуча"
946,"Мухи коня з’їли, а вовк помагав"
947,"М’яко постелить, а твердо спати"
948,"М’ясом хвалиться, а воно й юшки не їло"
949,На безвідді (на безлюдді) й рак риба
950,На безлюдді й дяк чоловік
951,"На безриб’ї і рак риба, на безлюдді й Хома чоловік"
952,На бога глянь
953,"На бога складайся, розуму ж тримайся"
954,"На вгороді бузина, а в Києві дядько"
955,"На весіллю – всі свати, на хрестинах – всі куми"
956,Навмання йти
957,"На вовка помовка, а зайці кобилу з’їли"
958,На воловій шкурі не списав би
959,На воротях слава не висить
960,"Навряд, чи є в Кузьми гроші – хіба який чорт підкинув"
961,На все є час
962,На всі заставки хватає
963,На всякий чмих не наздоровкаєшся
964,Навчить біда з салом коржі їсти
965,"Нагадав козі смерть, вона що ступить, то й п..дь"
966,На гречку перегнати
967,"Нагинай гілляку, доки молода"
968,Надав мені нечистий (надала мені нечиста мати) встрять у це діло
969,"Надвоє баба ворожила: або вмре, або буде жива"
970,На десяти гілках не вішайся
971,"Надія в бозі, коли хліб у стозі"
972,"Надувся, як вош на мороз"
973,"Назад з корогвами, нема мерця дома, пішов косить!"
974,"Наздогад буряків, щоб дали капусти"
975,На злодію шапка горить (а він собі хвать за голову)
976,"Най жаба голову здійме, то й цар не поставить"
977,На кабаку стерти
978,Накадив йому під ніс
979,Наказав три мішки гречаної вовни
980,На канцур’я побити
981,На кожний гук не одгукнешся
982,На коні їде і коня шукає
983,Накрив мокрим рядном
984,На кулаку сльози тре
985,На ладан дише
986,"Наладив дід хижу для бабки: то лазили кішки, стали лазити собаки"
987,"Налякав міх, що й торби страшно"
988,"Нам бога не вчить, як хліб родить"
989,На мельника вода робить
990,"Нам (крамарям) як не забожиться, так і не розжиться"
991,На один раз не зітнеш дерева
992,"На одній сіножаті і віл пасеться, і бузько жаби ловить"
993,На однім місці і камінь обростає
994,"Напав, як сніг на голову"
995,"Нападись на кого багатшого, чи не дасть хто копійки або шага"
996,"На пану шовчок, а в животі щовчок, а в мене хоч свита, та душа сита"
997,"Наперед не виривайся, ззаду не зоставайся, середини держись"
998,"Наперед не виривайся, ззаду не лишайся"
999,Наперед невода риби не лови
1000,"Напиймося тут, бо в небі не дадуть"
1001,На плохенький животик і пироги вадять
1002,На похиле дерево і кози (не) скачуть
1003,На пси перевівся
1004,На п’ятій неділі вдовиний плуг вийде
1005,"Народу, як дим іде"
1006,"Народ, як товар у череді, усякого є"
1007,Наскочив удівець на вдову
1008,Наскочив чорт на біса
1009,"Насміявся кулик болоту, та й сам туди ж"
1010,"Наставляй ширше, а то, бач, нікуди сипать"
1011,На стрільця і звір біжить
1012,"На те бог дав голову, щоб посторонок не зсувався"
1013,"На те в церкві кілочки, щоб шапки вішать"
1014,"На те коваль кліщі держить, щоб у руки не попекло"
1015,"На те коня кують, щоб не спотикався"
1016,"На те піп посвятився, щоб по церкві крутився"
1017,"На Тетяну поговір, що Тетяна вмерла; вона лежить на печі і ноги задерла"
1018,"На те циган матку б’є, щоб його жінка боялась"
1019,"На те щука в морі, щоб карась не дрімав"
1020,"На того вина, кого вдома нема"
1021,"Натрапила (наскочила) коса на камінь, та камінь не подається"
1022,"Наука в ліс не веде, а з лісу виводить"
1023,"Наука не лізе на бука, лише на чоловіка"
1024,Навчу в середу пишку їсти
1025,Наче жаром сипнуло
1026,Наче курча впустив
1027,"Начне про воли, а кінчає про голуби"
1028,На чуже пшонце укріпцю не приставляй
1029,На чужий коровай очей не поривай (а свій май)
1030,На чужий роток не накинеш платок
1031,На чужій кошарі овець не розплодиш
1032,На чужому коні далеко не поїдеш
1033,На чумака й дерево похилилося
1034,Наша горниця з богом не спориться
1035,"Наша хата з богом не спориться: як надворі тепло, то й у нас тепло, як надворі холодно, то й у нас холодно"
1036,Наше тільки й добре
1037,"Наше щастя – як тієї курки, що качата водить"
1038,Нашим салом та по нашій шкурі
1039,Нашій кумі все просо на умі
1040,Нашому маляті лиш слинку ковтати
1041,"На що нас бог споміг, тим і приймаємо"
1042,"Не бачив гіркого, не бачить і солодкого	З"
1043,"Не бачить сова, яка сама"
1044,"Не бери, де не положив"
1045,"Не бери заліза в руки, поки на нього не плюнеш"
1046,"Не бий, не волочи – у горілці язик намочи, усю правду скаже"
1047,Не буде баба дівкою
1048,Не буде з пса солонини
1049,Не буде з цього пива ніякого дива
1050,Не буде з тої кози м’��со
1051,Не буде з тої муки хліба
1052,Не буде риба раком
1053,Не буду душі вбивать – буду правду казать
1054,"Не будь ласий, як попівна заміж"
1055,"Не будь солодкий, бо проглинуть, не будь гіркий, бо проплюють"
1056,"Не будь тим індиком, що моркву риє"
1057,Не було в зайця хвоста і не буде
1058,"Не буде добра зроду, не буде й до гробу"
1059,"Не було снігу – не було й сліду, став сніг – став і слід"
1060,"Не в брів, а в око"
1061,"Не вважай на врожай, а жито сій, то хліб буде"
1062,"Не велике диво, що баба пуп зав’яже"
1063,"Не великий чорт, та великі яйця несе"
1064,"Не взявшись за сокиру, хати не зробиш"
1065,"Не вір, мужу, своїм очам, лише моїй повісті"
1066,"Не вір собаці, бо укусить"
1067,"Не вмер Данило, болячка задавила"
1068,Не вміє кішці хвоста зав’язати
1069,"Неволя й плаче, неволя й скаче"
1070,Не в потилицю битий
1071,"Не вродив мак, пробудемо і так"
1072,Не в свої сані вліз
1073,Не в свої штани убравсь
1074,"Не все добре, що смакує"
1075,Не все котові масниця – буде й великий піст
1076,"Не все теє зробиться, що на думці згодиться"
1077,"Не все те переймати, що на воді пливе"
1078,"Не все тому правда, що в пісні співають"
1079,Не всі дома
1080,"Не всім туди раком лізти, де зозуля кує"
1081,"Не всякий раз крадь, та всякий раз бережись"
1082,Не всякому слуху вір
1083,"Не в такому наварювали, та виїдали"
1084,"Не в тім сила, що кобила сива, а в тім, що не везе"
1085,"Не в тім хороша, що чорнобрива, а в тім, що діло робить"
1086,"Не в час даєш хліба густо, коли зубів в губі пусто"
1087,"Не вчи вже мене плакати, бо я вже добре і сама вмію: не з їдної печи хліба із’їла, – я вже знаю віск і воскобоїни"
1088,"Не вчи орла літати, а рибу плавати"
1089,"Не голодна корова, що під ногами солома"
1090,Не далося свині на небо дивитись
1091,"Не дав бог жабі хвоста, а то б усю траву потолочила"
1092,Не дасть собі в кашу наплювать
1093,"Не давши слово – держись, а давши – кріпись"
1094,"Не дай, боже, свині роги – всіх людей поколе"
1095,Не дам з себе насміятись
1096,Не дамся у кашу наплювати
1097,Не даром його бог назначив
1098,"Не дивись високо, бо запорошиш око"
1099,"Не дивися на уроду, лише на пригоду"
1100,Не для Гриця паляниця
1101,"Не для пса ковбаса, не для Кузьми гроші"
1102,Не довелося свині на небо дивитись
1103,Не до жиру – аби живу
1104,Недолі й конем не об’їдеш
1105,"Не до поросят свині, коли свиню смалять"
1106,Не дуж – не берись за гуж
1107,Не думав і в головах не покладав
1108,"Не жалій ухналя, бо підкову загубиш"
1109,"Не журиться Онтін об тім: батько вмирає, а він блини вминає"
1110,"Не заведе так пес, як вовк"
1111,"Не замітай чужої хижі – дивись, чи твоя заметена"
1112,Не зарікайся бути в старцях
1113,"Не зарікайся красть, а як бог дасть (як хто скаже – не попрошу, мовляв)"
1114,Не заспить грушок у попелі
1115,"Не за те бито, що ходила в жито, а за те, що дома не ночувала"
1116,Не за шию капле
1117,Незваному гостю місце за дверима
1118,Не здох кінь – тільки бог убив
1119,"Не знаєш, де знайдеш"
1120,"Не знаєш, з котрого боку зайти"
1121,"Не знаєш, звідки на тебе впаде"
1122,"Не знає права, що робить ліва"
1123,"Не зна, на яку ступить"
1124,Не з однієї печи хліб їв
1125,"Не йде на ум ні їда, ні вода, коли перед очима біда"
1126,"Не кайся рано встати, а змолоду вчитись"
1127,"Не кажи гоц, поки не перескочиш"
1128,"Не кажи «злодій», поки за руку не вхопив"
1129,"Не києм, то палицею"
1130,Не клади в рот руки без рукавиці
1131,"Не клади пальця в рот, бо одкусить"
1132,"Не кожний спить, що хропить"
1133,"Не копай другому ями, бо сам упадеш"
1134,"Не крути, бо перекрутиш"
1135,"Не лізь, куди голова не влізе"
1136,"Не любить правди, як пес мила"
1137,"Нема ані слуху, ані вісти"
1138,"Не мав лиха, та оженився на свою голову"
1139,"Нема в світі, як родина"
1140,"Нема в тебе толку: хоч запали, так не трісне"
1141,Нема й на сміх
1142,"Нема й чутки, як в яйці замер"
1143,"Не май і сто рублів, та одного друга"
1144,Нема кишок в голові
1145,"Не мала баба клопоту, та купила порося (порося у квік, а баба у крик)"
1146,"Не мала дівка лиха, так Каленика привела"
1147,Нема муки без науки!
1148,Нема нічого без але
1149,Нема об що і зачепитись
1150,Нема понад попову свиню
1151,Нема роду без вироду
1152,"Нема тієї драбинки, щоб до неба долізти"
1153,"Нема тієї курочки, щоб несла золотії яєчка"
1154,"Нема того дерева, щоб на йому яка птиця не сиділа – нема того чоловіка, щоб хоч трохи не збрехав"
1155,Нема чоловіка без вади
1156,"Нема, як та попова свиня"
1157,"Не мели, як пустий млин"
1158,"Не ми, так люди знають"
1159,Не можна нелюба любити
1160,"Не на те козак п’є, що є, а на те, що буде"
1161,Неначе з-за угла мішком прибитий
1162,Не нашого пера пташка
1163,Не нашого поля ягода
1164,"Не нашого полку, іди собі к вовку"
1165,Не нашого села прихожани
1166,"Не плюй, бо вона й сама чвіркне"
1167,Не пили – я к обідні йду
1168,"Не питайся, бо старий будеш"
1169,"Не питайсь: чиї гроші, а дивись, чи хороші"
1170,"Не піймавши, не кажи, що злодій"
1171,Не плюй в криницю – трапиться (доведеться) води напиться
1172,"Не побачиш цього, як своєї потилиці"
1173,"Не поберігши тіла, й душу погубиш"
1174,Не позичай у сусіда розума
1175,Не по коню та по голоблях
1176,"Не помиряться, як два коти над салом"
1177,"Не поможе воронові (крукові) мило, а вмерлому кадило"
1178,"Не поможе бабі кадило, коли бабу сказило"
1179,Не поможе мертвому кадило
1180,"Не поможе ні мило, ні вода, – коли така врода"
1181,"Не прав вовк, що козу з’їв, – не права й коза, що в ліс пішла"
1182,Не присікаєшся (прикопаєшся)
1183,Непроханий гість гірше татарина
1184,"Не пхайся, де тебе не треба"
1185,Не роби з губи халяви
1186,"Не родить рілля, але божа воля"
1187,"Не родись багатий та вродливий, а родись при долі, та щасливий"
1188,"Не родись у платтячку, а родись у щастячку"
1189,Не розмовившись з головою до чогось иншого не важся
1190,"Не святі горшки ліплять, а такі ж люди, як і ми грішні"
1191,"Не смійся з людей нині, бо завтра люди з тебе будуть сміятися"
1192,"Не спитавши голови, не лізь до ніг"
1193,"Не спитавшись (питавши) броду, не сунься у воду"
1194,Не стала шкірка за виправку
1195,Не стій над моєю душею
1196,Не страши кота салом
1197,"Не стромляй пальців між двері, бо притиснуть"
1198,"Не стямишся, відкіль лихо складеться"
1199,Не суйся прожогом у воду
1200,"Не сули журавля в полі, та давай синицю в руки"
1201,"Не так воно робиться, як нам хочеться"
1202,"Не такий страшний чорт, як його малюють"
1203,Не такі сосни ми рубали
1204,"Не так пани, як підпанки"
1205,"Не так скоро лихо вилізе, як влізе"
1206,"Не так тії сто братів, як сто друзів"
1207,"Не так хутко робиться, як мовиться"
1208,"Не тепер по гриби ходити: в-осени, як будуть родити"
1209,"Не тепер, так у четвер"
1210,"Не терши, не м’явши, не їсти калача"
1211,"Не тим час дорогий, що довгий – а тим, що короткий"
1212,"Не то біда, що плаче, а то біда, що скаче"
1213,"Не тоді коня сідлати, як треба сідати"
1214,Не того тіста книш
1215,"Не тоді до млина, як вітра нема"
1216,"Не тоді хортів годувати, як на влови їхати"
1217,"Не той козак, що поборов, а той, що вивернувся"
1218,"Не треба плахти, що і в запасці гарно"
1219,"Не тямить голова, що язик лепече"
1220,Не у всі дзвоніть
1221,"Не утнеш, Авраме, Ісака, бо порох замок"
1222,"Не утнеш, Каїне, Абля, бо тупая шабля"
1223,"Не учися розуму до старости, але до смерти"
1224,Нехай буде гречка (аби не суперечка)
1225,Нехай ваше зверху буде
1226,Нехай ваш чорт буде старший
1227,Нехай лежать – вони їсти не просять
1228,"Нехай мене полюблять в чорнім, а в біле приберуся, тоді й я сама подивлюся"
1229,"Нехай мруть, та й нам дорогу труть, а ми сухарів насушим, та й собі рушим"
1230,Нехай риба буде рак
1231,"Нехай твого батька журавлі, а мого чаплі"
1232,Нехай тобі сто чортів і сіра свитка
1233,Не хапайсь поперед батька в пекло
1234,"Не хвались, ідучи на торг, а хвались, ідучи з торгу"
1235,"Не ходи до суду, бо хліба не буде"
1236,Не хотів слухати батька – послухай собачої шкури
1237,"Не хоче курка на весілля, та несуть"
1238,Не чує полуску
1239,Не шукай моря – в калюжі втопишся
1240,Нещастя ніколи само не приходить
1241,Ниточка доведе клубочка
1242,"Ні богові свічка, ні чортові ладан"
1243,"Ні брат, ні хват"
1244,"Ні взад, ні вперед"
1245,"Ні в кут, ні в двері"
1246,"Ні в тин, ні в ворота"
1247,Нігде правди діти
1248,"Ні гріє, ні знобить"
1249,"Ні з губи мови, ні з носу вітру"
1250,"Ні гульня, ні робота"
1251,"Ні до ліса, ні до біса"
1252,Ні за віщо і рук зачепити
1253,"Ні кола, ні двора"
1254,Ніколи і носа втерти
1255,"Нікому на чолі не написано, що він"
1256,Нікому сама птаха в руки не вскочить
1257,"Ні к селу, ні к городу"
1258,"Ні кує, ні меле"
1259,"Ні ножа, ні образа, – ні зарізатись, ні помолитись"
1260,"Ні пава, ні ґава"
1261,"Ні пес, ні баран"
1262,"Ні риба, ні м’ясо, і в раки не годиться"
1263,"Ні слуху, ні прослуху"
1264,"Ні сюди, господи, ні туди, господи!"
1265,"Ні сюди Микита, ні туди Микита"
1266,"Ні сюди, ні туди"
1267,"Ні тпру, ні ну"
1268,"Ніхто не баче, як сирота плаче; а як заскаче, то всяк побаче"
1269,Ніхто не буде знати – тільки сич та сова та людей півсела
1270,"Ніхто не знає, лише дід та баба та ціла громада"
1271,"Ніхто того не відає, як сирота обідає, – а всяк теє баче, як сирота плаче"
1272,"Ніхто чорта не сіяв, а родився"
1273,"Ні чичирк, і дух притаїв"
1274,"Ніч – не мати, а день – не батько"
1275,"Ні швець, ні жнець, ні чорт знає що"
1276,Ні шеляга не варт
1277,Нога ногу підпирає
1278,"Носив вовк овець, понесли і вовка"
1279,"Носиться, як дурень з писаною торбою"
1280,"Носиться, як дурень з ступою"
1281,"Носиться, як кіт з оселедцем"
1282,"Носиться, як кіт із салом"
1283,"Носом чує, та руками не впійме"
1284,"Нужда в вікно, а любов у двері"
1285,"Нуте, браття, або добути, або дома не бути"
1286,"Нюхачів багато, а табаки нема"
1287,Обізвався грибом – лізь у кіш
1288,Одізвуться вовкові коров’ячі слізки
1289,Обійдеться паска і без шафранів
1290,"Обіцяв бог дати, тільки казав заждати"
1291,"Обіцяла, та не зав’язала"
1292,Облизня спіймав
1293,Обоє рябоє
1294,"Овса шкапа з’їла, так і віз побила"
1295,Оглядайся на задні колеса
1296,"Огня огнем не потушиш, а шукай води"
1297,Одвага мед п’є
1298,"О, де ви такі розумні й понабирались!"
1299,"Один дурень камінь у воду вкине, а десять розумних не витягнуть"
1300,Од милого пана не болить і рана
1301,"Один тому час, що батько (Катря, сваха, невістка) у плахті, а мати щодня, то й дива нема"
1302,Одна біда – не біда; от – ко��и дві або три разом біди!
1303,Одна біда тягне за собою й другу
1304,"Одна дяка, що за рибу, що за рака"
1305,Одна паршива овечка всю отару поганить
1306,"Одна рада хороша, а дві ліпше"
1307,"Одне к лісу, друге к бісу"
1308,Одного тіста книш
1309,"Одному на трісочці прядеться, а другому і веретенце не хоче"
1310,"Од одного берега одстав, та до другого не пристав"
1311,Од тиха все лихо
1312,"Одчепись од мене, – глянь на бога"
1313,"Ой місяцю, місяцю! Світиш та не грієш – даремно в бога хліба їси!"
1314,"Ой чумаче, чумаче, життя твоє собаче!"
1315,"Опарився на молоці, та й на воду студить"
1316,"Опарився, як муха на окропі"
1317,"Опинився, як Панас на тім боці"
1318,"Опізнився козак, так будеш і так"
1319,"Опустилися, як на воду"
1320,Освячу я йому воду в три батоги
1321,Ось смілий – на лежачу колоду сам верхи зліз
1322,Отак наші галки б’ють – ні з чим додому йдуть
1323,От і встереглись
1324,"Ото драпонув, аж потилиця лиска"
1325,"Ото дурень, був би ще більший, та вже нікуди"
1326,"От побаришував: ні стовпа, ні борошна"
1327,"От побіг, мов скажений"
1328,"От свині не будуть ведмежата, а ті ж поросята"
1329,От така халепа
1330,"Отак, матінко, лихі люди: як напало на мене семеро перекупок, то ледве од- гризлась"
1331,"Отепер ні до торгу, ні до жінки"
1332,"От тільки моя тітка була, та вже й загула, як поліський яструб"
1333,"От тобі, бабо, і Юрія"
1334,"От тобі, віз, і перевіз"
1335,"От тобі, Гандзю, книш"
1336,От тобі й на
1337,От тобі кукли й теремки
1338,"От тобі наука, не ходи надвір без дрюка: свиня звалить і віку умалить"
1339,"Отут біг, а тут поріг"
1340,"О умерлім добре говори, а ні – то мовчи"
1341,Охота гірше неволі
1342,Охочого не вняти
1343,Оце вжарив – аж небові жарко
1344,"Оце наказав: три мішки гречаної вовни, та усі три неповні"
1345,Оце нарядилась – як теля в мішку
1346,"Оце (хватає), наче собака мухи"
1347,Оце нетерплячка бере
1348,"Оце пристав, наче вош до кожуха"
1349,"Оце пропав, як з мосту упав"
1350,"Оце так, як та оса межи очі летить"
1351,"Оце тобі наука, не ходи надвір без дрюка: свиня звалить і віку умалить"
1352,"Оце хата: дві сохи та й соломи трохи, та й діти почаділи"
1353,"Очерет з водою не помиряться: хоч вітру нема, все лаються"
1354,"Очі б їли, а губа не хоче"
1355,"О, широкого поля ягода; нам не рівня!"
1356,"О, щоб йому ні дна, ні покришки!"
1357,Палиця два кінці має
1358,Пам’ятатимеш до нових віників
1359,"Пан далеко, а бог високо"
1360,"Пан добрий, як отець, – взяв корову й скопець, а пані, як мати, казала теля взяти"
1361,"Пани деруться, а в хлопів чуби тріщать"
1362,"Пани – як пани, та війти собаки"
1363,"Пані на всі сані, тільки хвіст волочиться"
1364,"Панство в голові, а воші за коміром"
1365,Пар кості не ломить
1366,Паршива вівця все стадо спаскудить
1367,"Пень горів, а він руки нагрів, – та й став йому дядьком"
1368,Первий кус усьому голова
1369,"Первий шматок з’їси усмак, а другий – вже не так"
1370,Перебиває бики на барани
1371,Перейшов вже крізь сито й решето
1372,Перемелеться лихо – добре буде
1373,Перші щенята за пліт кидають
1374,Перші коти за плоти
1375,Першу дитину в бур’ян закидають
1376,"Пес бреше на сонце, а сонце світить"
1377,Печені голуби не летять до губи
1378,"Пий винце, та знай дільце"
1379,"Пий, та ума не пропий"
1380,"Писав писака, читав собака"
1381,Письменному книжка в руки
1382,"Пишається, як корова в хомуті"
1383,"Пише, як сорока лапою"
1384,"Півня на заріз несуть, а він каже «кукаріку»"
1385,Підвів під пень кашлять
1386,"Під’їхав його так, що тільки ушами стрепенув"
1387,"Підкосило, як косою"
1388,"Підлазить, як чорт під манастир"
1389,Під лихий час і кум за собаку
1390,"Піднімайте, свині, хвости, бо глибоко морем брести"
1391,"Підняв морду так, що й кочергою носа не дістанеш"
1392,"Підождіть, прийде коза до воза сінця просить"
1393,"Під тобою й лід розтає, а підо мною мерзне"
1394,Пізнав свій свого
1395,"Пізнати вовка, хоч в бараній шкурі"
1396,Пізнати ворону по пір’ю
1397,Пізнати сову по льоту
1398,Пізно з козами на торг
1399,Пізно старого кота учити гопки
1400,Піймав корову за роги
1401,Піп дитину христив і в купелі втопив
1402,"Піп живе з олтаря, а писар з каламаря"
1403,"Піп з хрестом, а чорт з хвостом"
1404,"Піп людей хова, сховають і попа"
1405,"Піп своє, а чорт своє"
1406,"Піп у дзвін, а чорт у калатало"
1407,"Пірвався, як з мотикою на сонце"
1408,Піском очі засипає
1409,Після тієї та знов тієї
1410,Пішла голота на вигадки
1411,"Пішли наші вгору, по два на мотузку"
1412,Пішло щастя в ліс по пруття
1413,"Пішов глечик за водою, та й голову там положив"
1414,Пішов і пішов – мов мила ковтнув
1415,"Пішов по канун, та там і втонув"
1416,"Пішов по масло, та й в печі погасло"
1417,"Пішов, як стріпаний"
1418,"Плаває, як вареник у маслі"
1419,"Плаває, як пампух в олії"
1420,"Плачте очі, бачили, що купували – їжте, хоч повилазьте"
1421,"Плив, плив та на березі й утонув"
1422,"Пнеться, як жаба на купину"
1423,"Пнуться, як грішні душі до пекла"
1424,"Побалакаєш, як у піч укинеш"
1425,"Побачимо, як свою потилицю"
1426,"По бороді текло, а в рот не попало"
1427,Повадився глечик по воду ходить – там йому і голову положить
1428,"Повадився кухоль по воду ходить, поки йому ухо не одломлять"
1429,"Поволі, бо попа звалиш"
1430,Поганому погана і честь
1431,"Погано п’ється, тільки в чарці не зостається"
1432,"Погодилися, як порося з вовком"
1433,"Подивився, як шага дав"
1434,"Пождіть, діти, поки біг на кисіль шкурку натягне"
1435,"Поживеш дальше, так побачиш більше"
1436,"Пожививсь, як пес макогоном"
1437,"Пожививсь, як сірко паски"
1438,"Пожививсь, як собака мухою"
1439,"По животу, мов коти лазять"
1440,"Поздоров, боже, громаду, – а бог буде аби-коли"
1441,Показалась за сім вовків копиця сіна
1442,"Поки бабуся спече книші, у дідуся не буде душі"
1443,"Поки багатий стухне, то убогий опухне"
1444,"Поки в баби поспіють книші, у діда не стане душі"
1445,"Поки гладкий схудне, то худий здохне"
1446,"Поки не упріти, поки не уміти (не упріти)"
1447,"Поки сонце зійде, роса очі виїсть"
1448,"Поки сонце зайде, то й чорт не знайде"
1449,"Поки хвалько нахвалиться, будько набудеться"
1450,Поліпшало (полегшало) батькові к смерті
1451,Полоханий заєць і пенька боїться
1452,Полохлива (лякана) ворона куща боїться
1453,"Полюби мене в чорній, а вже в білій полюбить і аби-хто"
1454,"Помаленьку, бо спину зломиш"
1455,"Помалу їдь, а дальше заїдеш"
1456,"Поможе, як умерлому кадило"
1457,"Понура свиня, а глибоко риє"
1458,"Понюхав пирога, та не вдалось покуштувати"
1459,Попав пальцем у небо – стромляй дальше
1460,"Попав, як сліпий стежку"
1461,Попа одним обідом не нагодуєш
1462,Поперед батька в пекло не лізь
1463,По пошті на волах
1464,"По правді роби, по правді й буде"
1465,"По правді роби, по правді й очі повилазять"
1466,Поправився з печи на лоб
1467,Поправився з покуття на лаву
1468,Поправився із кулька в рогожку
1469,"Порожнього міха не надуть, коли скрізь дірки йдуть"
1470,Порою сіно косять
1471,По роботі пізнати майстра
1472,"Порятуйте мене в пригоді, а в добрім разі не потребуєм рятунків"
1473,По Савці свитка
1474,"Посади свиню за стіл, вона й лапи на стіл"
1475,По своєму ліжку простягай ніжку
1476,Посеред зими льоду не випросиш
1477,По синку шапка
1478,"Послав туди, де козам роги правлять"
1479,"Послідня в попа жінка, а там – хоч на шибеницю"
1480,"Поспитав уже я і пня, і колоди"
1481,Поспієш з козами на торг
1482,Поспішився поперед батька на шибеницю
1483,По смерті нема каяння
1484,"Потай бога, щоб (і) чорт не знав"
1485,"Походила, як свиня на коня, тільки шерсть не така"
1486,"Похожий, як свиня на яструба"
1487,"Похожий, як сова на яструба"
1488,"Поцілуй мене сьогодні, а я тебе завтра, а як забуду, то й так буде"
1489,"Почастую тим чаєм, що ворота підпирають"
1490,"Почав «во здравіє», а звів «за упокой»"
1491,Почин кращий од грошей
1492,"Почухаєшся, де й не свербить"
1493,"Пошли дурня по масло, то й в печі погасне"
1494,"Пошли дурня по раки, а він жаб наловить"
1495,Пошлють кіз кувати
1496,Правда і в морі не втоне
1497,Правда очі коле
1498,Правда Сидорова – киселем млинці помазані – на паркані сушаться
1499,"Правда, як олива, наверх вийде"
1500,"Правди на ніготь, а прибавиться на лікоть"
1501,Працювали до синього поту
1502,"Привик собака за возом бігти, то й за санками побіжить"
1503,Прийде й на пса колись зима
1504,Прийде коза до воза та й скаже «мекеке»
1505,"Прийшов гість, та на голу кість"
1506,"Прийшов нестаток, – забрав остаток"
1507,"Прийшов пізно, аж завізно"
1508,Прийшов по хвилі – вже миски помили
1509,"Прилип, як сліпий до тіста"
1510,"Прилип, як шевська смола до чобота"
1511,Прирівняв кішку до собаки
1512,"Присохне, як на собаці"
1513,"Пристав, як вош до кожуха"
1514,"Пристало, як свині наритники"
1515,"Присягалися сліпці, що своїми очима бачили"
1516,"Приткнув, як вужа вилами"
1517,"Приходиться, як п’яте колесо до воза"
1518,"Причепився (взявся), як реп’ях кожуха"
1519,Продав кота в торбі
1520,"Пройшло літо, не ходи в луг по калину"
1521,Про мене – нехай вовк траву їсть
1522,Проміняв шило на мило (на швайку)
1523,Пропав кінь і узду кинь
1524,Пропав ні за цапову душу
1525,"Пропав, як здимнів"
1526,"Пропав, як сірко в базарі"
1527,"Пропав, як собака в ярмарку"
1528,Пропадеш ні за копійку
1529,"Пропало, як на собаці"
1530,Проханим конем не наробишся
1531,Проти гори піском не сипать
1532,Проти сили й віл не потягне
1533,Прудка ріка береги розмиває
1534,Пугою обуха не пересічеш
1535,Пустив на всі заставки
1536,Пустив на одчай божий
1537,"Пусти пса під стіл, а він дереться на стіл"
1538,"Пусти чорта в хату, то він і на піч залізе"
1539,Пусто – й духа нікого нема
1540,"Пшеничне, гречичне – верни вмісто"
1541,П’яному гори немає – усе рівне
1542,П’яному й коза в золоті
1543,П’яному море по коліна
1544,П’ятами накивав – аж залопотіло
1545,П’ятниця вдруге не трапиться
1546,"Рада б душа в рай, та гріхи не пускають"
1547,"Рада б мама за пана, та пан не бере"
1548,"Рад(ий), як сирота трясці"
1549,"Рад, як сирота трясці"
1550,Раз козі смерть
1551,Раз літо родить
1552,Раз мати родила – раз і умирати
1553,"Раз на віку спіткнешся, та й те люди побачать"
1554,"Разом густо, а разом пусто"
1555,Раз у рік великдень
1556,"Ранні пташки росу п’ють, а пізні слізки ллють"
1557,"Рання пташка зубці теребить, а пізня очиці жмурить"
1558,"Рання птичка пшеничку клює, а пізня очі дере"
1559,"Рано пташечка заспівала, як би кішка не з’їла"
1560,Риє та й риє на мене
1561,"Роби до поту, а їж ув охоту"
1562,"Робить, як мокре горить"
1563,Родом кури чубаті
1564,"Розжалобивсь, як вовк над поросям: від’їв ніжки та й плаче"
1565,"Розживимось, як сорока на лозі, а тінь на воді"
1566,"Роз’ївся, як вош у корості"
1567,"Розносився, як чорт з бубном"
1568,Розумна голова багато волосу не держить
1569,Розумний по коліна в біблії
1570,"Розумний, як Хведькова кобила"
1571,"Рости псу трава, коли кобила здохла"
1572,Рот не город – не загородиш
1573,"Рука руку миє, щоб білі були"
1574,"Руками дивиться, а очима лапа"
1575,"Рятуйте, хто в бога вірує"
1576,"Рятуйс��, хто може (хто в бога вірує)"
1577,Савка не дурак – не б’є жінку та все мачуху
1578,"Сама в гріхах, як у реп’яхах, а ще й людей судить"
1579,"Сама себе раба б’є, що нечисто жито жне"
1580,"Сам голий, і сорочка за пазухою"
1581,"Сват не сват, а мого не руш нічого"
1582,"Свиня в наритниках, то вже й кінь"
1583,Свиням золоту гору – та й ту рознесуть
1584,"Свій з своїм січися, рубайся, а чужий не мішайся"
1585,"Свій не свій, а у горох не лізь"
1586,Свій свояка вгадає здалека
1587,Світ за очі подався
1588,"Світ зійшов, а ще такого дурня не бачив"
1589,"Світить місяць, та не гріє, – тільки в бога дурно хліб їсть"
1590,Своя губа ближче
1591,Своя пазуха ближче
1592,"Святився б гурток, коли б не чортова ззіжа"
1593,"Се лев, а не собака"
1594,"Се не так швидко, як на мертвого сорочку шить"
1595,"Сердилась баба на торг, а торг того й не чув"
1596,"Се така баба, що чорт їй на махових вилах чоботи оддавав"
1597,"Се така, що не вступить ні конному, ні пішому"
1598,"Се ще вилами писано, а граблями скороджено"
1599,"Се ще тільки цвіт, а ягоди будуть"
1600,"Сиди, Векло, бо ще не смеркло"
1601,"Сидить ні в сих, ні в тих, як собака в човні"
1602,"Сиділа баба на печі, та й каже «але»"
1603,Сила солому ломить
1604,Силуваним конем не доробишся
1605,"Синиця шкоду робить, а журавлям попадеться"
1606,"Синицю й на салі поклади, то синиця синицею"
1607,"Сип, жінко, перцю, нехай нам на віку хоч раз гірко буде"
1608,Сирової землі хапатись
1609,Ситий голодному не вірить
1610,Ситий голодному не товариш
1611,"Сідина в голову, а чорт в бороду"
1612,"Сіє вітер, вітром жати буде"
1613,"Сім бід, один одвіт"
1614,Сім п’ятниць на тиждень
1615,Сказаного й сокирою не вирубаєш
1616,"Скачи, бабо, хоч задом, хоч передом, – а діла підуть своїм чередом"
1617,"Скоріш дурень одурить розумного, як розумний дурня на розум наведе"
1618,"Скачи, враже, як пан каже"
1619,"Скільки вовка не годуй, а він у ліс дивиться"
1620,"Скільки не літай, а все прийдеться на землю падать"
1621,Скоріш у курки молока випросиш
1622,"Скотилася баба з неба, так їй і треба"
1623,"Скрививсь, як середа на п’ятницю"
1624,"Скрипливе дерево два віки живе, а здорове й одного не переживе"
1625,Скрипуче колесо довше ходить
1626,"Скрипливе скрипить, а здорове лежить"
1627,"Скупий збирає, а чорт калитку шиє"
1628,"Скучив, як собака за києм"
1629,"Слава не поляже, не поляже, а розкаже"
1630,"Славні бубни за горами, а прийдеш ближче – собача шкура"
1631,Слини з землі не підняти
1632,"Слихом не слихали, й видом не бачили"
1633,"Слово вилетить горобцем, а вернеться волом"
1634,"Слово не горобець, назад не вернеться"
1635,"Слухай багато, а менше говори"
1636,"Слини не підіймеш, а слово назад не вернеш"
1637,Смаленого дуба плете
1638,Смерти не треба шукати – сама прийде
1639,Смерть не справник – не послухає
1640,Сметаною вареників не спортиш
1641,Смирного й на тім світі б’ють
1642,"Сміється горщік з кітла, а обидва чорні"
1643,Смілий батька у лоб б’є
1644,"Смішки з попової кішки, а як своя здохне, то й плакатимеш"
1645,"Смотри (дивись) мовчи, а своє роби"
1646,"Сніп з бородою, а козак з молодою"
1647,"Собака бреше, а вітер носить"
1648,"Собака не навчиться плавати, поки не наллється води в ухо"
1649,Собака собаки не мине
1650,Собака собаці хвоста не одкусить
1651,"Собака, як привик за возом бігать, то йому й нудно, як не побіжить"
1652,Собаки з жиру казяться
1653,Собі на умі
1654,"Сова знає, де кури ночують"
1655,Сова не приведе сокола
1656,"Сова спить, та кури бачить"
1657,"Сова хоч би літала попід небеса, то соколом не буде"
1658,Сові сонце очі коле
1659,"Создав бог, та й ніс висякав"
1660,Соловей піснями не сит
1661,"Солодкий мед, але пальців не обгризти"
1662,"Сонечко блисне, сорочечка висхне"
1663,"Спиток (попиток) не збиток, спрос не біда"
1664,"Спиться – сниться, свінеться – все минеться"
1665,"Співатиме півень, чи ні, – а день буде"
1666,"Срібло, золото тягне чоловіка в болото"
1667,Сріблом ушей не завісиш
1668,"Ставивсь, як лев, а загинув, як муха"
1669,Став мені сіллю у оці
1670,Став мені хріном у носі
1671,"Становиться, як окунь проти води"
1672,"Старе, як гнила колода – нікому не потрібне"
1673,Старець медвіднику не товариш
1674,"Старий хліб лучче, як новий"
1675,"Старий, що вродив – то бог дав, а що ззів – то пропало"
1676,Старій бабі й на печі ухаб
1677,"Старі крутяться, а молоді вчаться"
1678,"Старі покрутились, а молоді навчились"
1679,"Старість не прийде з добром: коли не кашлем, то горбом"
1680,"Старість – не радість, горб не користь"
1681,Старого горобця на полові не обдуриш
1682,Старого лиса тяжко зловити
1683,Старої корови пузир!
1684,Старому жениться – і ніч коротка
1685,"Стережися того, кого бог назначив"
1686,"Стид не дим, – очей не виїсть"
1687,"Стільки варт, як сіль до оселедця"
1688,Стонадцять чортів йому у хвіст
1689,"Стороною дощик іде, поливає, а на мою роженьку і немає"
1690,"Страшен і вовк, та на ліс дивиться"
1691,Суд не затяга та й не випуска
1692,Сук не верба
1693,Суха ложка рот дере
1694,Сухий кусок горло дере
1695,"Сьогодні з мішком, а завтра з торбиною"
1696,"Сьорбайте, хлопці, юшку, а риба на споді"
1697,Така вже планида надійшла
1698,Така година надійшла
1699,"Така подоба, як свиня в хомуті"
1700,"Така стара, що аж у паністарі зацвіло"
1701,"Так болить, що якби не вмів стогнати, то вмер би"
1702,"Так воно прилучилося, що щастя за біду зачепилося"
1703,"Так гризе, так гризе, як ржа залізо"
1704,"Так до діла, як свиня штани наділа"
1705,"Таке в’їдливе, що візьми та прямо й наплюй йому серед лоба"
1706,Таке уїдливе!
1707,"Такий багатир, що не знає, що то «нема»"
1708,"Такий вік, як у зайця хвіст"
1709,"Такий жвавий, як біс уночі"
1710,"Такий наш вік: сьогодні жив, а завтра зник"
1711,"Такий слабий, що тільки під хвіст перцю та на тік"
1712,"Такий убогий, що й кошеняти нічим з запічку виманити"
1713,"Такий, що в одне вухо влізе, а в друге вилізе"
1714,"Такі убогі, що землю держалном міряють, а худобу ложкою"
1715,"Так любляться, як собака з кішкою"
1716,"Так нужно, як волосся в паністару"
1717,"Так от у чім сила, що кобила сива"
1718,"Так пусто в селі, хоч голий біжи"
1719,"Так-сяк, на косяк, не по людськи"
1720,Так тобі і треба. Нехай його чорт на глибоку несе
1721,"Так тобі треба, як мені лиха"
1722,"Так тому рад, як би «му пси обід ззіли»"
1723,"Так як з ока випав (вилитий батько, матір і т. ин.)"
1724,"Так, як кажуть: за дванадцять миль киселю. Ні з цього, ні з того приїхала кума з Ніжина"
1725,Там грошей – і кури не клюють
1726,Там давно старці обідали
1727,"Там, де великі вікна, багато світла, а мало правди"
1728,"Там, де козам роги правлять"
1729,"Там добре, де нас нема, а ми прийдем і другим попсуєм"
1730,Там йому жаба й цицьки дасть
1731,Там йому й капут
1732,"Там нас люблять, де нема нас"
1733,"Там такого наговорив, що й класти нікуди"
1734,"Так тепло, як у вусі"
1735,"Та рожа, та не та кожа"
1736,Твоя слава велика: сім сіл – один віл
1737,"Телись ялова, давай молока"
1738,"Телят боїться, а воли краде"
1739,Темної ночи зорі ясніші
1740,"Тепер йому так, як грішникові до гарячої сковороди"
1741,Тепер хоч камінь на шию та у воду
1742,Терниця грушок не родить
1743,Терпи горе – пий мед
1744,"Терпи, Грицю, хоч яка спека"
1745,"Терпи, душа, спасена будеш"
1746,Терпи козак горе – будеш пити мед
1747,Терпи козак – отаманом будеш
1748,"Терпи тіло – маєш, що хотіло"
1749,"Терпить його, як сіль в оці"
1750,"Терпи, хлопче, козаком будеш, а із козака попадеш і в отамани"
1751,Ти землю їв – зарікавсь
1752,"Ти йому образки, а він тобі лубки"
1753,"Ти йому «Оче наш», а він тобі «од лукавого»"
1754,"Ти йому плюй у вічі, а він каже – дощ іде"
1755,Ти йому про Тараса – він тобі півтораста
1756,"Ти йому стрижено, а воно тобі голено"
1757,"Тим бочка смердить, чим налита"
1758,"Тим рогом чешися, котрим дістанеш"
1759,"Тиняються, як старець по-під тинню"
1760,Тиха вода греблю рве
1761,"Ті ж штани, та назад вузлом"
1762,Тільки живий та теплий
1763,"Тільки зиску, що в писку"
1764,Тільки зір з неба не знімає
1765,Тільки чуприна майорить
1766,"Тіснота така, що й києм не протиснеш"
1767,"Тісняться, неначе хліб у печі"
1768,Тобі нехай золотом вуха позавішувані
1769,Тобі треба клепку вставить
1770,"Тобі хоч діжу з тістом, то все мало"
1771,"Товчеться, як Марко по пеклу"
1772,"То дарма, що був злодій, аби тепер козак"
1773,"Тоді будеш мати, як старий чорт візьметься помирати"
1774,"Тоді дівку віддавай, поки люди трапляються"
1775,"Тоді добудешся, як о Петрі вода замерзне"
1776,"Тоді це буде, як свині з череди йтимуть"
1777,Той же Савка та на других санках
1778,"Той хоче гарбузів, а той гурків"
1779,То люди не нашої й хати
1780,"То не козак, що отаманом не думає бути"
1781,Тонкослізка
1782,"Торгував кирпичем, а остався ні при чім"
1783,"То так потрібне, як дзюра в мості"
1784,"То чорт бідний, а чоловік убогий"
1785,"То ще тоді діялося, як шкуряні гроші були"
1786,"Треба підмазати, жеб не рипів"
1787,"Треба розумом надточити, де сила не візьме"
1788,"Треба, як болячки на лоб"
1789,"Треба, як п’ятого колеса"
1790,"Треба, як п’ятої ноги собаці"
1791,"Тричі міряй, а раз одріж"
1792,"Тривай, це йому рогом вилізе"
1793,"Трохи, як комар наплакав"
1794,"Трудна згода, де огонь і вода"
1795,"Трудно вийти з біди, як каменю з води"
1796,"Трусітеся рубці, дивітеся людці: як робимо, так ходимо, як дбаємо, так маємо"
1797,"Туди брехнею пройдеш, а назад трудно"
1798,"Туди тебе зашлють, де волам роги правлять, а кіз кують підковами"
1799,Туманити світу
1800,"Тут було, вертілося, – чорт знає, де ділося"
1801,"Тяжко там украсти, де газда (хазяїн), сам злодій"
1802,"Тямитиме (пам’ятатиме) до нових віників і до судної дошки, покіль аж пороху на очі насиплять"
1803,"Тямиш ти, як їдять, та тобі не дають"
1804,"Тямиш, як свиня в дощ"
1805,Убрався між ворони: крякай як они
1806,Увірвався бас
1807,"У вічі як лис, а за очі як біс"
1808,"У воді стоїть, а води просить"
1809,Ув умілого й долото рибу ловить
1810,Уговір паче грошей
1811,"Угору плює, а в рот хапає"
1812,"У гурті, то й смерть не страшна"
1813,"Удалося, як тій Солосі"
1814,Удень з каганцем не обшукаєш
1815,У друга вода солодша од вразького меду
1816,Уже йому увірвалось
1817,"У жінки волос довгий, та ум короткий"
1818,"У здоровім тілі, душа здорова"
1819,Узялися варити – запалили хату
1820,"Узялися за діло, як воші за тіло"
1821,"У його грошей, як у жаби пір’я"
1822,"У кия два кінці: один буде на мені, а другий на ком��сь иншому"
1823,"Уклюнулися злидні на час, не виженеш їх і за рік"
1824,"У лісі вовки виють, а на печі страшно"
1825,У лісі дерева шукає
1826,"У людей повна піч, та горить, а у мене одна ломака, та й та не горить"
1827,Ума ні з шило нема
1828,"Умер багатий – ходімо ховати, умер убогий – шкода дороги"
1829,"Умирать готуйся, а хліб ори"
1830,"Умреться, так все минеться"
1831,"Умри ти сьогодні, а я завтра"
1832,"Унадився, як свиня на моркву"
1833,"У нас, у самих (грошей) свині не їдять"
1834,"Упав в гаразд, як муха в сметану"
1835,"Упав в гаразд, як сливка в болото"
1836,"Упав у добро, як у тісто"
1837,"Упав у біду, як курка в борщ"
1838,У поганому тілі – погана душа
1839,"Упросилися злидні на три дні, та чорт їх і довіку не викишкає"
1840,Урагова мати його знає
1841,"Уродився, оженився та й вмер"
1842,"Усе божеє, тільки гріхи наші"
1843,"Усім козак, та чуб не так"
1844,Усі ми під богом
1845,Усі під богом ходимо
1846,У сірка очей позичає
1847,Ускочив по самі вуха
1848,У страху великі очі
1849,У страху очі по яблуку
1850,"У сусіда дочок сім, то й доля всім: у мене одна й тій долі нема"
1851,Усякий Веремій про себе розумій
1852,Усяк кулик до свого озера привик
1853,"Утеребив бог душу, як у пень, та й кається"
1854,У тихому болоті чорти плодяться
1855,"Утікав перед вовком, а впав на ведмедя"
1856,"Утік не втік, а побігти можна"
1857,"Утрись і запрись, щоб ні сич ні сова не знали"
1858,Уха повище лоба не ростуть
1859,У хвості була душа з страху
1860,У хмару заходить
1861,Ухом веде
1862,Ухопив місяця зубами
1863,Ухопив шилом патоки
1864,"Учений, а кобили не запряже"
1865,"Ученому – світ, невченому – тьма"
1866,"Учепився, як гріх села"
1867,"Учись – на старість буде, як нахідка"
1868,У чужу душу не влізеш
1869,У щент потрощити
1870,Хазяйська курка (панській) комірницькій корові ногу переломила
1871,"Хапай, Петре, поки тепле"
1872,"Хвали мене, губонько, бо як не похвалиш, то я тебе роздеру"
1873,"Хвалячи продати, а гудячи купити"
1874,"Хворий лежить, та без пам’яти хліб їсть"
1875,Хіба на панщину гонять?
1876,"Хіба на світі одна вода, можна й аби де напиться"
1877,Хіба птичого (пташачого) молока нема
1878,"Хіба тільки світа, що у вікні? (За вікном іще й більше)"
1879,Хіба тобі дощ за шию іллє?
1880,"Хіба я в бога теля вкрав, що мене всі цураються?"
1881,Хіба я тобі загадав море випить?
1882,Хліб в дорозі не затяжить?
1883,Хліб та вода – то козацька їда
1884,Хмарою йдуть люди
1885,"Ходить, як корова за телям"
1886,"Ходжу, наче чоловіка згубив, або-що"
1887,"Хотів я того, як собака цибулі"
1888,"Хороша чутка далеко чутна, а погана ще дальше"
1889,"Хороше, та не наше"
1890,Хотіла баба вирви та насилу сама вирвалась
1891,Хотіла баба видри – та насилу сама видралась
1892,"Хоч Абель Кабеля убив, хоч Кабель Абеля, – за все благодареніє господу"
1893,Хоч би своє пожить
1894,Хоч вогню до нього прикладай
1895,Хоч гавкай на нього – нічого не вдієш
1896,Хоч гать гати
1897,"Хоч голий біжи, то ніде нема нікого, не зачепишся"
1898,"Хоч голий, та в поясі (в підвязках)"
1899,Хоч греблю гати
1900,"Хочеться, як голому на вулицю"
1901,Хоч запали
1902,"Хоч заріж, то не хоче"
1903,"Хоч і діжу з тістом оддай, то ще буде клясти, що важко нести"
1904,"Хоч іду в гостину, то беру хліб у торбину"
1905,"Хоч із-за нігтя виколупни, та дай"
1906,"Хоч і полаємось, нам з тобою дітей не христити"
1907,Хоч йому кіл (клин) на голові теши
1908,"Хоч йому чорта дай, а він все своє меле"
1909,"Хоч камінь на шию, та у воду"
1910,"Хоч кисло, хоч прісно – усе вали в місто"
1911,"Хоч круть-верть, хоч верть-круть"
1912,"Хоч мале, та вузлувате"
1913,Хоч мале та натоптуване
1914,"Хоч ми собі брати, але наші кишені не сестри"
1915,"Хоч насподі лежатиму, а в вічі плюватиму"
1916,"Хоч не в лад, та широко ступає"
1917,"Хоч не гладко, аби міцно"
1918,Хоч ногою заткни
1919,"Хоч пика в крові, а наше взяло"
1920,"Хоч погано баба танцює, та довго"
1921,"Хоч прив’яжи, то одгризеться"
1922,"Хоч рябо на виду, так маслаки доладу"
1923,Хоч сирової землі хватайсь
1924,"Хоч смердить, коли смак має"
1925,Хоч стріль йому в очі
1926,"Хоч так, куме, сядь, хоч так сядь, а все сядь"
1927,"Хоч того самого, аби в другу миску"
1928,"Хоч украв, аби добре сховав"
1929,"Хоч в одній льолі, аби до любови"
1930,"Хоч хліб із водою, аби милий з тобою"
1931,"Хоч хто мал, не топчи його в кал"
1932,"Хоч щука вмерла, та зуби не вмруть"
1933,"Хрін його батька знає: у багатого повна піч та горить, а у мене одне поліно та й те не горить"
1934,"Хто багато говорить, той мало творить"
1935,"Хто багацько знає, той мало має"
1936,"Хто б’ється, а в кого чуб болить"
1937,"Хто бреше, тому легше, а хто віри не йме, того в сук зогне"
1938,"Хто в горох, а хто в сочавицю"
1939,"Хто везе, того й підганяють"
1940,"Хто великого не бачив, той і малому дивується"
1941,"Хто вітрові служить, тому димом платять"
1942,"Хто в ліс, а хто по дрова"
1943,"Хто втік, той і прав"
1944,"Хто дбає, той і має"
1945,"Хто два зайці гонить, жодного не догонить"
1946,"Хто добре уйме, той добре несе"
1947,"Хто до кого, а я до Параски"
1948,"Хто в світі знає, що біг гадає"
1949,"Хто зараз виграє, той на кінці не має, що ставити"
1950,"Хто звечора плаче, той вранці буде сміятись"
1951,"Хто з псами лягає, той з блохами встає"
1952,"Хто зразу дав, той два рази дав"
1953,"Хто з ступою, а я з товкачем"
1954,"Хто каші наварив, той мусить і з’їсти"
1955,"Хто кислиці поїв, а на кого оскома напала"
1956,"Хто любить світ, той любить правду"
1957,"Хто маже, той і їде"
1958,"Хто мастить, тому віз не скрипить"
1959,"Хто мовчить, той двох навчить"
1960,"Хто на окропі опарився, і на зимну воду дує"
1961,"Хто не слухав тата, тот послухав ката"
1962,"Хто не стоїть о гріш, той сам його не варт"
1963,"Хто новини не бачив, той і ветоші рад"
1964,"Хто од слова одскочить, коло того шкурка обскочить"
1965,"Хто під ким яму копає, то в ню впаде"
1966,"Хто пізно встає, тому хліба не стає"
1967,"Хто пізно (нерано) ходить, той сам собі шкодить"
1968,"Хто по обіді не оддише, того бог хазяїном не пише"
1969,"Хто порося вкрав, у того в ушах пищить"
1970,"Хто про що, а я про Параску"
1971,"Хто рано встає, тому бог щастя дає"
1972,Хто робить – голий не ходить
1973,"Хто родився вовком, тому лисицею не бути"
1974,"Хто сам такий, той на другого кладе знаки"
1975,"Хто спішить, той людей смішить"
1976,"Хто старе поминає, той щастя не має"
1977,"Хто старе пом’яне, тому розпікши палець та в око"
1978,"Хто товче, той хліб пече"
1979,"Хто шага не береже, той не варт копійки"
1980,"Хто язик держить за зубами, того нічого не кортить"
1981,"Хто як постеле, так і виспиться"
1982,Худий мир гірше лихої сварки
1983,Хука всучу
1984,Царка в голові не має
1985,"Це, бач, мені не по пір’ю"
1986,"Церков горить, а люди руки гріють"
1987,"Церкву покрив, а дзвіницю обдер"
1988,Це йому й за вухом не свербить
1989,Цілий вік с торбою не сварився
1990,Час на часу не стоїть
1991,Часник гризуть на мене (лихе щось у їх на думці проти мене)
1992,"Часом з квасом, порою з водою"
1993,Час часу рознь – і чоловік чоловіку
1994,"Чваниться, наче та кобила, що віз побила"
1995,Через голови плює
1996,"Чешися кінь з конем, а віл з волом"
1997,"Чи в камінь головою, чи каменем у голову"
1998,"Чи гріх, чи два, а вже не видержу"
1999,Чий бик не плигав – теля наше
2000,"Чим багаті, тим і раді"
2001,"Чим горщок накипів, тим буде смердіти"
2002,"Чи ми знаємо, сліпий народ!"
2003,Чи може сова в сонце дивиться
2004,"Чим мудрий встидається, тим дурний величається"
2005,"Чим пес старий, тим хвіст твердий"
2006,"Чим хата багата, тим і рада"
2007,"Чим хата має, тим і приймає"
2008,Чим чорт не жартує
2009,Чим чорт не шутить
2010,"Чи пан, чи пропав – (двічі не вмирати)"
2011,"Чи совою в пень, чи совою в дуба, а все сові буба"
2012,"Чия б гарчала, а твоя б мовчала"
2013,"Чого доброго з цього, як води"
2014,Чого душа забажає
2015,"Чого Івась не навчиться, того й Іван не буде вміти"
2016,"Чого козак гладкий: наївсь, заснув, та й нема гадки"
2017,Чого моя нога хоче
2018,"Чого нема, то й бог не візьме"
2019,"Чоловіка по одежі стрічають, а по уму випроваджають"
2020,"Чоловік думає, а бог ýмає"
2021,"Чоловік крутить, а бог розкручує"
2022,"Чоловік мислить, а бог радить"
2023,Чоловік собі не ворог
2024,"Чоловік старіє, а чортяка під бік"
2025,"Чоловік стріляв, а бог кулі носить"
2026,"Чоловік цілий вік розуму вчиться, а дурним умирає"
2027,"Чоловік, як муха: сьогодні живе, а завтра вмре"
2028,Чому козак гладок: поїв та на бок
2029,"Чому чорт мудрий, бо старий"
2030,Чорна корова – біле молоко
2031,Чорним по білому написано
2032,"Чорта христи, а він каже „пусти”"
2033,"Чорт би дятла знав, коли б не довгий ніс"
2034,Чорт би тебе спік
2035,"Чорт його підвів, а чорт його не знає"
2036,Чорт (чорти) його бери
2037,"Чув, що дзвонять, та не знає де (в якій церкві)"
2038,Чудеса в решеті
2039,"Чудний, як бублик: кругом об’їси, а всередині нема нічого"
2040,"Чує кішка, де сало лежить"
2041,"Чуємо, що бовка дзвін, та не знаємо, де він"
2042,Чужа голова – темний ліс
2043,"Чуже бачить під лісом, а своє не бачить під носом"
2044,"Чуже й мило голить, а наше й шило не бере"
2045,"Чуже лихо за іграшку, а своє за хрін"
2046,"Чуже на ніжки ставить, а своє з ніг валить"
2047,Чужий біль нікому не болить
2048,Чужий кожух не гріє
2049,Чужий рот не хлів – не зачинити
2050,Чужим волом не доробишся
2051,Чужим пивом весілля не одбудеш
2052,Чужим потом не нагрієшся
2053,Чужими руками добре гада ловити
2054,Чужими руками добре жар загрібать
2055,"Чуй не чуй, бач не бач, а мовчи"
2056,"Чули, як говорили, що бачили, як їли"
2057,Чумак чумака бачить здалека
2058,"Чхали, чхали, та на степу й ночували"
2059,Шаг був один – і той пропав
2060,"Шатайся за ділом, як муха в окропі"
2061,"Швець не купець, а коза не товар"
2062,"Швидка робота, як нагла смерть"
2063,Шила в мішку не сховаєш
2064,Шилом моря не нагрієш
2065,"Ш��рокі ворота увійти, та вузькі вийти"
2066,Шкода заходу
2067,Шкурка вичинки не варт
2068,Шорник свитникові не товариш
2069,Шукай вітра в полі
2070,Щасливі на час не зважають
2071,"Щаслив чумак, коли воли добрі має"
2072,"Щастя, як трясця: кого нападе, того й трусе"
2073,"Щастя, як трясця: (на) кого схоче, на того й нападе"
2074,Щедрий на батьківські гроші
2075,Ще з того смерть не показує
2076,"Ще не зловив, а вже скубе"
2077,Ще й на світ не благословилось
2078,Ще чорти навкулачки не бились
2079,Щирая правда всюди куток найде
2080,Щирий козак ззаду не нападається
2081,Щоб вовк був ситий і баран цілий
2082,Щоб з рота й пари не пустив
2083,"Щоб лиха не знати, треба своїм плугом та на своїй ниві орати"
2084,"Що бог дає, то все к луччому"
2085,"Що бог дасть, то все в торбу"
2086,"Що бог не робить, то все на лучче"
2087,"Що б то й було, якби всі вправду жили"
2088,"Що буде, то буде, в голови не зірвуть"
2089,"Що буде, то буде, а горілки пить не покину"
2090,"Що було, те бачили, що буде, те побачимо"
2091,"Що було, то за вітром по воді поплило"
2092,"Що вік, то инший світ"
2093,"Що вільно панові, то невільно Іванові"
2094,"Що вісь, то инша піснь"
2095,"Що вимовиш язиком, того не витягнеш і колом"
2096,"Що в кого болить, той про те й говорить"
2097,"Що вхопить, то вробить"
2098,"Що голова, то не хвіст"
2099,"Що голова – то розум, а дві – ще лучче"
2100,"Що город, то й гонор"
2101,"Що дальше в ліс, то більше дров"
2102,"Що два, то не один"
2103,"Що ж, винуват: їв гуси!"
2104,"Що ж робить, – треба жить, душа не пташка – не виженеш"
2105,"Що з горщика вибіжить, то не позбираєш"
2106,"Що з тих кубків, як повні сліз"
2107,"Що й казати, як нічого слухати"
2108,"Що кому годиться: шляхтичеві шабля, мужикові свиня"
2109,"Що кому написано на роду, того й конем не об’їдеш"
2110,"Що кому рупить, той про те й лупить"
2111,Що на дні – те найсолодше
2112,"Що надто, того й свині не їдять"
2113,"Що написано на роду, того не об’їдеш і на льоду"
2114,"Що написано пером, того не виволочеш волом"
2115,"Що не попало, то клади в мішок"
2116,"Що пройшло, як у воду ввійшло"
2117,"Що село, то й піп"
2118,"Що собі не мило, і людям не зич"
2119,"Що ті й гроші, як чортма нічого в голові"
2120,"Що у тверезого на умі, то в п’яного на язиці"
2121,"Що хатка, то инша гадка"
2122,Шука (пішов шукати) пустого вітру в полі
2123,"Я вже то забула, що вчора їла"
2124,"Язик, мов повстяний"
2125,"Язиче, язиче, лихо тебе миче, в мені сидиш, а мені добра не зичиш"
2126,"Язичку, язичку, маленька штучка – велике лихо робиш"
2127,"Язик доведе до Києва, і до кия"
2128,Язик на кінець світа заведе
2129,"Язик мельне, та й у кут, а губу натовчуть"
2130,"Яка грушка, така й юшка"
2131,"Яка диковина, що собака не кована"
2132,"Яка пряжа, таке й полотно"
2133,"Яка пшениця, така й паляниця"
2134,"Яка харч, така й робота"
2135,"Яка хатка, така й паніматка"
2136,"Яка щеп, така яблуня"
2137,"Як багато будеш знать, то скоро зостарієшся"
2138,Як без мила підголив
2139,"Як беруть – сто коней дають, а візьмуть, і одного не дають"
2140,"Якби все вовк лежав, то вже й досі б здох"
2141,"Якби знав, де найду, то б туди пішов; а якби, де загублю, то б туди й не пішов"
2142,"Якби знаття, що в кума пиття, то б сам пішов і дітей забрав"
2143,"Якби йому довгий хвіст, то сам собі боки повідбивав"
2144,"Якби на кропиву не мороз, вона б усіх людей пожалила"
2145,"Якби не ох, то б давно здох"
2146,"Як би пес не сидів, то б зайця зловив"
2147,"Як би попом мені бути, то я б сало із салом їв"
2148,"Як би так малось, як не мається, так що б то було!"
2149,"Якби той розум спереду, що тепер ззаду"
2150,"Якби я був царем, то все б їв мед та сало"
2151,"Якби я був царем, то вкрав би пуд сала та і втік би"
2152,"Якби я був царем, то сало б їв, сало пив"
2153,"Як бідний плаче, то ніхто не бачить, а як багатий скривиться, то всяке дивиться"
2154,"Як бог годить, то й мокре горить"
2155,"Як бог дасть, і в печі не замажешся"
2156,"Як буде уміть писать, буде людей кусать"
2157,"Як вели медведя до меду, то вуха урвали: а як тягнули од меду, то урвали й хвіст"
2158,Як в зайця хвоста
2159,"Як вигляне в окно, то три дні собаки брешуть: а одна придивилась, та й сказилась"
2160,Як укопаний
2161,"Як гукають, так і одгукається"
2162,"Як дам тобі, так і зорі позбираєш"
2163,"Як дам тобі, то й ногами вкриєшся"
2164,"Яке диво, що в сучки дівер"
2165,"Як дитя не плаче, у матери думки нема"
2166,Як до діла – так і сіла
2167,"Яке дерево, такий клин, – який батько, такий син"
2168,"Яке життя, така й смерть"
2169,"Яке коріння, таке й насіння"
2170,"Яке поїхало, таке й повернуло"
2171,"Яке співання, таке й читання"
2172,"Яке частування, таке – дякування"
2173,"Як єсть, то розійдеться, а нема, то обійдеться"
2174,"Як заробив, так і відбудеш"
2175,"Як з лихим квасом, то ліпше з водою, аби не з бідою"
2176,"Як зовуть, так і одкликаються"
2177,"Як з тобою толкувать, то треба ночувать"
2178,Як з того світа встав
2179,Як з хреста знятий
2180,"Який батько, такий син, – викрали з діжки сир"
2181,"Який батько, такі й діти"
2182,"Який гість, така йому і чість"
2183,"Який дід, такий його плід"
2184,"Який їхав, такий поганяв"
2185,"Який їхав, таку й стрів"
2186,"Який пастух, така й череда"
2187,"Який піп, така його й парахвія"
2188,"Який піп, таке й благословення"
2189,"Який пуп, такий і одрост"
2190,"Який Сава, така й слава"
2191,"Який удався, такий і згинеш"
2192,Який хват до вареників
2193,"Яким мечем воював, таким і поліг"
2194,"Як камінь у воду, так жеби з твого дому не вийшло нічого непотрібного"
2195,Як кат утяв
2196,Як кіт наплакав
2197,"Як коли густо, а коли й пусто"
2198,Як корові сідло
2199,"Як кортить, то й бог простить"
2200,"Як лихо, то й «ходи Петрико», а як п’ють та їдять, то на Петрика не глядять"
2201,"Як маєш кланяться лаптю, то лучче поклонись чоботу"
2202,"Як мати з кислим молоком, то лучче з водою"
2203,"Як мать ногам кланяться, то лучче голові"
2204,"Як мать сліпу кобилу водить, так краще пішки ходить"
2205,Як мітлою заметено
2206,Як мила з’їв
2207,Як на долоні волосся поросте
2208,Як на пень з’їхав
2209,"Як напився, то до криниці задом обернувся"
2210,"Як не бачу – душа мре, а побачу, з душі пре"
2211,"Як не дасть бог смерти, то чорти не візьмуть"
2212,"Як не живеш, а усе труни не минеш"
2213,"Як нема на кого, то на жінку"
2214,"Як не під’їси, то й святих продаси"
2215,"Як овечка, – не скаже ні словечка"
2216,"Якого пива наварили, таке й пийте"
2217,"Як одна біда йде, то й другу за собою веде"
2218,Як одне обличчя
2219,"Яко наг, яко благ, яко нема нічого"
2220,"Якою мірою міряєш, такою тобі одміряють"
2221,Як пампух в олії
2222,Як пилинки в морі
2223,Як пить дасть
2224,"Як піде добро в двір, то само йде: а як піде з двора, то хоч і ворота зачини, то не впиниш"
2225,"Як пішло вже на лихо, то дійде до погибели"
2226,"Як пішла пішком, так і прийшла з порожнім мішком"
2227,"Як погано орати, то лучче випрягати"
2228,Як порося з вовком погодились
2229,"Як посіяв, так і зібрав"
2230,"Як почав на мене ямку гнать, як почав, та і вкопав"
2231,Як признався – розквитався
2232,"Як прийде зла година, треба знать, по чім ківш лиха"
2233,"Як п’ян, то (пан) капітан; а як проспався, то й свині збоявся"
2234,"Як рада, то й порада"
2235,Як різцем одрізало
2236,"Як робив, так і вмер"
2237,Як свиня на небо гляне
2238,Як сіль в оці
2239,"Як Сірка годують, так він і гавка"
2240,"Як снасть ломиться, то чоловік строїться, а як віл пристає, то і здоров’я не стає"
2241,Як сова світ уздрить
2242,"Як спить, то не їсть, а як їсть то не дрімає"
2243,"Як старому жениться, то й ніч мала"
2244,"Як сто кіп, так і піп"
2245,"Як стукне, так і гукне"
2246,"Як топишся, то й за бритву вхопишся"
2247,Як трава на гостру косу
2248,Як у батька за пазухою
2249,Як у бога за дверима
2250,Як у воду впало
2251,"Як у лісі гукнеш, так і одгукнеться"
2252,"Як умер чоловік, то як не бував"
2253,"Як умре багатир, то йде увесь мир, а як умре харпак, то тільки піп да дяк"
2254,"Як утопає – сокиру даває, а як порятують і топорище жалує"
2255,"Як ухо ввірветься, то і дзбан розіб’ється"
2256,Як хан долізе до Криму
2257,"Як хвостик, позаду бігає"
2258,"Як хліба край, – то й в хліві рай"
2259,"Як хто їсть, так і робить"
2260,Як це Настя скаже
2261,Як чорт пугою нагнав